Date,EUR/USD
1999-01-01,1.1729
1999-01-04,1.1825
1999-01-05,1.1776
1999-01-06,1.16
1999-01-07,1.1713
1999-01-08,1.1595
1999-01-11,1.1491
1999-01-12,1.1551
1999-01-13,1.1653
1999-01-14,1.1709
1999-01-15,1.159
1999-01-18,1.1605
1999-01-19,1.161
1999-01-20,1.1553
1999-01-21,1.16
1999-01-22,1.1587
1999-01-25,1.1555
1999-01-26,1.1561
1999-01-27,1.1432
1999-01-28,1.1421
1999-01-29,1.1367
1999-02-01,1.1312
1999-02-02,1.1348
1999-02-03,1.1319
1999-02-04,1.1335
1999-02-05,1.1265
1999-02-08,1.1325
1999-02-09,1.1289
1999-02-10,1.1345
1999-02-11,1.1233
1999-02-12,1.128
1999-02-15,1.123
1999-02-16,1.1201
1999-02-17,1.1237
1999-02-18,1.1203
1999-02-19,1.1063
1999-02-22,1.1036
1999-02-23,1.1005
1999-02-24,1.0986
1999-02-25,1.1044
1999-02-26,1.1016
1999-03-01,1.0886
1999-03-02,1.0918
1999-03-03,1.0889
1999-03-04,1.082
1999-03-05,1.0826
1999-03-08,1.0883
1999-03-09,1.0889
1999-03-10,1.0952
1999-03-11,1.1032
1999-03-12,1.0904
1999-03-15,1.0937
1999-03-16,1.1
1999-03-17,1.1004
1999-03-18,1.0971
1999-03-19,1.0886
1999-03-22,1.0915
1999-03-23,1.091
1999-03-24,1.0892
1999-03-25,1.0906
1999-03-26,1.0767
1999-03-29,1.0739
1999-03-30,1.0717
1999-03-31,1.0757
1999-04-01,1.0789
1999-04-02,1.0782
1999-04-05,1.0711
1999-04-06,1.0842
1999-04-07,1.0774
1999-04-08,1.0744
1999-04-09,1.0802
1999-04-12,1.0823
1999-04-13,1.0769
1999-04-14,1.0797
1999-04-15,1.0703
1999-04-16,1.07
1999-04-19,1.0633
1999-04-20,1.0627
1999-04-21,1.0619
1999-04-22,1.0616
1999-04-23,1.0612
1999-04-26,1.0586
1999-04-27,1.0665
1999-04-28,1.0623
1999-04-29,1.0591
1999-04-30,1.0584
1999-05-03,1.0577
1999-05-04,1.0633
1999-05-05,1.0744
1999-05-06,1.0815
1999-05-07,1.075
1999-05-10,1.08
1999-05-11,1.0715
1999-05-12,1.0649
1999-05-13,1.0666
1999-05-14,1.0652
1999-05-17,1.0669
1999-05-18,1.0686
1999-05-19,1.0659
1999-05-20,1.0631
1999-05-21,1.0579
1999-05-24,1.0592
1999-05-25,1.0593
1999-05-26,1.0468
1999-05-27,1.0441
1999-05-28,1.0401
1999-05-31,1.042
1999-06-01,1.0448
1999-06-02,1.0348
1999-06-03,1.0325
1999-06-04,1.0373
1999-06-07,1.0284
1999-06-08,1.0458
1999-06-09,1.0471
1999-06-10,1.0482
1999-06-11,1.0542
1999-06-14,1.0422
1999-06-15,1.0422
1999-06-16,1.0313
1999-06-17,1.0342
1999-06-18,1.0387
1999-06-21,1.0348
1999-06-22,1.0323
1999-06-23,1.0328
1999-06-24,1.0408
1999-06-25,1.0431
1999-06-28,1.0361
1999-06-29,1.0335
1999-06-30,1.034
1999-07-01,1.0233
1999-07-02,1.0245
1999-07-05,1.0225
1999-07-06,1.0234
1999-07-07,1.0227
1999-07-08,1.021
1999-07-09,1.0174
1999-07-12,1.0156
1999-07-13,1.0173
1999-07-14,1.0212
1999-07-15,1.0207
1999-07-16,1.0196
1999-07-19,1.0301
1999-07-20,1.0413
1999-07-21,1.0523
1999-07-22,1.0523
1999-07-23,1.0514
1999-07-26,1.0661
1999-07-27,1.0621
1999-07-28,1.0662
1999-07-29,1.0726
1999-07-30,1.0707
1999-08-02,1.0689
1999-08-03,1.0686
1999-08-04,1.0775
1999-08-05,1.0758
1999-08-06,1.0759
1999-08-09,1.0706
1999-08-10,1.071
1999-08-11,1.0657
1999-08-12,1.0666
1999-08-13,1.0567
1999-08-16,1.0568
1999-08-17,1.0513
1999-08-18,1.0528
1999-08-19,1.0633
1999-08-20,1.0669
1999-08-23,1.0502
1999-08-24,1.0531
1999-08-25,1.0424
1999-08-26,1.0448
1999-08-27,1.0459
1999-08-30,1.0461
1999-08-31,1.0577
1999-09-01,1.0594
1999-09-02,1.069
1999-09-03,1.0615
1999-09-06,1.058
1999-09-07,1.059
1999-09-08,1.0594
1999-09-09,1.0537
1999-09-10,1.0357
1999-09-13,1.0414
1999-09-14,1.0355
1999-09-15,1.0396
1999-09-16,1.0406
1999-09-17,1.0413
1999-09-20,1.0385
1999-09-21,1.0485
1999-09-22,1.0446
1999-09-23,1.0439
1999-09-24,1.0452
1999-09-27,1.0474
1999-09-28,1.0547
1999-09-29,1.0638
1999-09-30,1.067
1999-10-01,1.0739
1999-10-04,1.0739
1999-10-05,1.0753
1999-10-06,1.0691
1999-10-07,1.0718
1999-10-08,1.0613
1999-10-11,1.064
1999-10-12,1.0759
1999-10-13,1.0789
1999-10-14,1.079
1999-10-15,1.0896
1999-10-18,1.0841
1999-10-19,1.0839
1999-10-20,1.0742
1999-10-21,1.082
1999-10-22,1.0669
1999-10-25,1.0662
1999-10-26,1.0585
1999-10-27,1.05
1999-10-28,1.0522
1999-10-29,1.0542
1999-11-01,1.0507
1999-11-02,1.0519
1999-11-03,1.048
1999-11-04,1.0359
1999-11-05,1.042
1999-11-08,1.0387
1999-11-09,1.0394
1999-11-10,1.0444
1999-11-11,1.042
1999-11-12,1.0319
1999-11-15,1.0317
1999-11-16,1.0325
1999-11-17,1.0407
1999-11-18,1.0293
1999-11-19,1.031
1999-11-22,1.0315
1999-11-23,1.0271
1999-11-24,1.019
1999-11-25,1.019
1999-11-26,1.0164
1999-11-29,1.0103
1999-11-30,1.0086
1999-12-01,1.0087
1999-12-02,1.0026
1999-12-03,1.0024
1999-12-06,1.0224
1999-12-07,1.0247
1999-12-08,1.0274
1999-12-09,1.0213
1999-12-10,1.012
1999-12-13,1.014
1999-12-14,1.0055
1999-12-15,1.007
1999-12-16,1.0167
1999-12-17,1.008
1999-12-20,1.0116
1999-12-21,1.0086
1999-12-22,1.0088
1999-12-23,1.0147
1999-12-24,1.013
1999-12-27,1.0126
1999-12-28,1.0059
1999-12-29,1.0054
1999-12-30,1.0087
1999-12-31,1.0107
2000-01-03,1.0276
2000-01-04,1.0299
2000-01-05,1.0317
2000-01-06,1.0299
2000-01-07,1.0283
2000-01-10,1.0256
2000-01-11,1.0326
2000-01-12,1.0312
2000-01-13,1.0257
2000-01-14,1.0142
2000-01-17,1.0118
2000-01-18,1.0122
2000-01-19,1.0123
2000-01-20,1.0167
2000-01-21,1.0098
2000-01-24,1.0043
2000-01-25,1.0017
2000-01-26,1.0013
2000-01-27,0.9877
2000-01-28,0.9773
2000-01-31,0.9695
2000-02-01,0.9732
2000-02-02,0.9756
2000-02-03,0.9901
2000-02-04,0.9825
2000-02-07,0.9802
2000-02-08,0.9857
2000-02-09,0.9922
2000-02-10,0.9862
2000-02-11,0.987
2000-02-14,0.9813
2000-02-15,0.9813
2000-02-16,0.9865
2000-02-17,0.9886
2000-02-18,0.9847
2000-02-21,0.987
2000-02-22,1.005
2000-02-23,1.0029
2000-02-24,0.9943
2000-02-25,0.9742
2000-02-28,0.9728
2000-02-29,0.9664
2000-03-01,0.9743
2000-03-02,0.9662
2000-03-03,0.9617
2000-03-06,0.9591
2000-03-07,0.957
2000-03-08,0.9613
2000-03-09,0.9678
2000-03-10,0.963
2000-03-13,0.9646
2000-03-14,0.9672
2000-03-15,0.968
2000-03-16,0.9715
2000-03-17,0.9726
2000-03-20,0.9733
2000-03-21,0.9644
2000-03-22,0.9602
2000-03-23,0.972
2000-03-24,0.9751
2000-03-27,0.9655
2000-03-28,0.9614
2000-03-29,0.9507
2000-03-30,0.9611
2000-03-31,0.9557
2000-04-03,0.9581
2000-04-04,0.9637
2000-04-05,0.9628
2000-04-06,0.9602
2000-04-07,0.9547
2000-04-10,0.9615
2000-04-11,0.9589
2000-04-12,0.9562
2000-04-13,0.9541
2000-04-14,0.9596
2000-04-17,0.9535
2000-04-18,0.9474
2000-04-19,0.9397
2000-04-20,0.9375
2000-04-21,0.938
2000-04-24,0.9395
2000-04-25,0.92
2000-04-26,0.9235
2000-04-27,0.9107
2000-04-28,0.9093
2000-05-01,0.9166
2000-05-02,0.9075
2000-05-03,0.895
2000-05-04,0.8902
2000-05-05,0.8985
2000-05-08,0.8917
2000-05-09,0.9067
2000-05-10,0.909
2000-05-11,0.8992
2000-05-12,0.9185
2000-05-15,0.9123
2000-05-16,0.9034
2000-05-17,0.8952
2000-05-18,0.8934
2000-05-19,0.8991
2000-05-22,0.9048
2000-05-23,0.9059
2000-05-24,0.9069
2000-05-25,0.9124
2000-05-26,0.9314
2000-05-29,0.9265
2000-05-30,0.9318
2000-05-31,0.9358
2000-06-01,0.9327
2000-06-02,0.9421
2000-06-05,0.9485
2000-06-06,0.9548
2000-06-07,0.9621
2000-06-08,0.9567
2000-06-09,0.9537
2000-06-12,0.9535
2000-06-13,0.9606
2000-06-14,0.9605
2000-06-15,0.9535
2000-06-16,0.9654
2000-06-19,0.9591
2000-06-20,0.9579
2000-06-21,0.945
2000-06-22,0.9379
2000-06-23,0.9362
2000-06-26,0.9382
2000-06-27,0.9466
2000-06-28,0.9431
2000-06-29,0.9521
2000-06-30,0.9536
2000-07-03,0.9507
2000-07-04,0.952
2000-07-05,0.9535
2000-07-06,0.9506
2000-07-07,0.9468
2000-07-10,0.9545
2000-07-11,0.9519
2000-07-12,0.9419
2000-07-13,0.9363
2000-07-14,0.9377
2000-07-17,0.9356
2000-07-18,0.9264
2000-07-19,0.9232
2000-07-20,0.9328
2000-07-21,0.937
2000-07-24,0.9327
2000-07-25,0.938
2000-07-26,0.9416
2000-07-27,0.9323
2000-07-28,0.9234
2000-07-31,0.9269
2000-08-01,0.9145
2000-08-02,0.912
2000-08-03,0.907
2000-08-04,0.9079
2000-08-07,0.9084
2000-08-08,0.9018
2000-08-09,0.8986
2000-08-10,0.9077
2000-08-11,0.9033
2000-08-14,0.9052
2000-08-15,0.9132
2000-08-16,0.9157
2000-08-17,0.9173
2000-08-18,0.9068
2000-08-21,0.9018
2000-08-22,0.8974
2000-08-23,0.9002
2000-08-24,0.9023
2000-08-25,0.9027
2000-08-28,0.9001
2000-08-29,0.8924
2000-08-30,0.8926
2000-08-31,0.8878
2000-09-01,0.8997
2000-09-04,0.8985
2000-09-05,0.8888
2000-09-06,0.8703
2000-09-07,0.8736
2000-09-08,0.8695
2000-09-11,0.8586
2000-09-12,0.8627
2000-09-13,0.8613
2000-09-14,0.8647
2000-09-15,0.8556
2000-09-18,0.8539
2000-09-19,0.8515
2000-09-20,0.8478
2000-09-21,0.8581
2000-09-22,0.8789
2000-09-25,0.8726
2000-09-26,0.8822
2000-09-27,0.8834
2000-09-28,0.8817
2000-09-29,0.8821
2000-10-02,0.8784
2000-10-03,0.8741
2000-10-04,0.8746
2000-10-05,0.8691
2000-10-06,0.868
2000-10-09,0.868
2000-10-10,0.8714
2000-10-11,0.8688
2000-10-12,0.8626
2000-10-13,0.8537
2000-10-16,0.8496
2000-10-17,0.8554
2000-10-18,0.8382
2000-10-19,0.8435
2000-10-20,0.8419
2000-10-23,0.8355
2000-10-24,0.8371
2000-10-25,0.8276
2000-10-26,0.829
2000-10-27,0.8399
2000-10-30,0.8425
2000-10-31,0.849
2000-11-01,0.8609
2000-11-02,0.8604
2000-11-03,0.8652
2000-11-06,0.8606
2000-11-07,0.8614
2000-11-08,0.855
2000-11-09,0.8658
2000-11-10,0.8614
2000-11-13,0.8605
2000-11-14,0.8569
2000-11-15,0.8578
2000-11-16,0.8521
2000-11-17,0.8475
2000-11-20,0.8493
2000-11-21,0.8433
2000-11-22,0.8446
2000-11-23,0.839
2000-11-24,0.84
2000-11-27,0.8519
2000-11-28,0.8565
2000-11-29,0.8581
2000-11-30,0.872
2000-12-01,0.8783
2000-12-04,0.8874
2000-12-05,0.8806
2000-12-06,0.8909
2000-12-07,0.8888
2000-12-08,0.8831
2000-12-11,0.8774
2000-12-12,0.8803
2000-12-13,0.8758
2000-12-14,0.8892
2000-12-15,0.8958
2000-12-18,0.8937
2000-12-19,0.8933
2000-12-20,0.9079
2000-12-21,0.914
2000-12-22,0.9235
2000-12-25,0.9235
2000-12-26,0.932
2000-12-27,0.9304
2000-12-28,0.9286
2000-12-29,0.9398
2001-01-01,0.9398
2001-01-02,0.9488
2001-01-03,0.9291
2001-01-04,0.9503
2001-01-05,0.9575
2001-01-08,0.9506
2001-01-09,0.9441
2001-01-10,0.939
2001-01-11,0.9517
2001-01-12,0.9504
2001-01-15,0.9425
2001-01-16,0.9413
2001-01-17,0.9344
2001-01-18,0.9444
2001-01-19,0.9342
2001-01-22,0.9381
2001-01-23,0.9389
2001-01-24,0.9234
2001-01-25,0.9214
2001-01-26,0.924
2001-01-29,0.9184
2001-01-30,0.927
2001-01-31,0.9365
2001-02-01,0.942
2001-02-02,0.9348
2001-02-05,0.9389
2001-02-06,0.93
2001-02-07,0.9308
2001-02-08,0.9178
2001-02-09,0.9263
2001-02-12,0.9313
2001-02-13,0.9205
2001-02-14,0.919
2001-02-15,0.9034
2001-02-16,0.9162
2001-02-19,0.9215
2001-02-20,0.9097
2001-02-21,0.9083
2001-02-22,0.9051
2001-02-23,0.919
2001-02-26,0.9115
2001-02-27,0.917
2001-02-28,0.9233
2001-03-01,0.9319
2001-03-02,0.9342
2001-03-05,0.93
2001-03-06,0.9335
2001-03-07,0.9287
2001-03-08,0.9317
2001-03-09,0.9324
2001-03-12,0.9279
2001-03-13,0.9142
2001-03-14,0.9097
2001-03-15,0.9007
2001-03-16,0.8956
2001-03-19,0.8985
2001-03-20,0.9086
2001-03-21,0.8957
2001-03-22,0.8879
2001-03-23,0.889
2001-03-26,0.896
2001-03-27,0.8931
2001-03-28,0.8863
2001-03-29,0.8826
2001-03-30,0.879
2001-04-02,0.8799
2001-04-03,0.8962
2001-04-04,0.9023
2001-04-05,0.8966
2001-04-06,0.9027
2001-04-09,0.8981
2001-04-10,0.8881
2001-04-11,0.887
2001-04-12,0.8917
2001-04-13,0.891
2001-04-16,0.8862
2001-04-17,0.8819
2001-04-18,0.8846
2001-04-19,0.894
2001-04-20,0.9039
2001-04-23,0.8972
2001-04-24,0.8942
2001-04-25,0.8965
2001-04-26,0.9039
2001-04-27,0.8913
2001-04-30,0.8883
2001-05-01,0.8921
2001-05-02,0.8932
2001-05-03,0.89
2001-05-04,0.8946
2001-05-07,0.8904
2001-05-08,0.8835
2001-05-09,0.8849
2001-05-10,0.8819
2001-05-11,0.8762
2001-05-14,0.8744
2001-05-15,0.8782
2001-05-16,0.8743
2001-05-17,0.8829
2001-05-18,0.8796
2001-05-21,0.8769
2001-05-22,0.8652
2001-05-23,0.8552
2001-05-24,0.8566
2001-05-25,0.8582
2001-05-28,0.8595
2001-05-29,0.8561
2001-05-30,0.8569
2001-05-31,0.8562
2001-06-01,0.8476
2001-06-04,0.846
2001-06-05,0.8525
2001-06-06,0.8478
2001-06-07,0.8505
2001-06-08,0.8512
2001-06-11,0.8438
2001-06-12,0.852
2001-06-13,0.8531
2001-06-14,0.8629
2001-06-15,0.8615
2001-06-18,0.8611
2001-06-19,0.854
2001-06-20,0.8545
2001-06-21,0.8552
2001-06-22,0.856
2001-06-25,0.8605
2001-06-26,0.8633
2001-06-27,0.8608
2001-06-28,0.8443
2001-06-29,0.8494
2001-07-02,0.8463
2001-07-03,0.848
2001-07-04,0.846
2001-07-05,0.8365
2001-07-06,0.8473
2001-07-09,0.8477
2001-07-10,0.8548
2001-07-11,0.8594
2001-07-12,0.8535
2001-07-13,0.8539
2001-07-16,0.8551
2001-07-17,0.8589
2001-07-18,0.8723
2001-07-19,0.8715
2001-07-20,0.8715
2001-07-23,0.8687
2001-07-24,0.8751
2001-07-25,0.8803
2001-07-26,0.8782
2001-07-27,0.8763
2001-07-30,0.8749
2001-07-31,0.8751
2001-08-01,0.8811
2001-08-02,0.883
2001-08-03,0.8842
2001-08-06,0.8818
2001-08-07,0.8771
2001-08-08,0.8806
2001-08-09,0.8925
2001-08-10,0.8936
2001-08-13,0.8977
2001-08-14,0.9027
2001-08-15,0.9125
2001-08-16,0.9142
2001-08-17,0.9174
2001-08-20,0.9137
2001-08-21,0.913
2001-08-22,0.9146
2001-08-23,0.9154
2001-08-24,0.913
2001-08-27,0.9116
2001-08-28,0.9111
2001-08-29,0.9104
2001-08-30,0.9173
2001-08-31,0.9097
2001-09-03,0.9077
2001-09-04,0.8858
2001-09-05,0.8864
2001-09-06,0.8947
2001-09-07,0.9053
2001-09-10,0.9001
2001-09-11,0.915
2001-09-12,0.907
2001-09-13,0.9121
2001-09-14,0.9218
2001-09-17,0.9258
2001-09-18,0.9251
2001-09-19,0.93
2001-09-20,0.9257
2001-09-21,0.9132
2001-09-24,0.9163
2001-09-25,0.9229
2001-09-26,0.9234
2001-09-27,0.9174
2001-09-28,0.9101
2001-10-01,0.9169
2001-10-02,0.9188
2001-10-03,0.913
2001-10-04,0.9156
2001-10-05,0.917
2001-10-08,0.92
2001-10-09,0.9135
2001-10-10,0.9106
2001-10-11,0.9033
2001-10-12,0.9091
2001-10-15,0.9083
2001-10-16,0.9086
2001-10-17,0.903
2001-10-18,0.9042
2001-10-19,0.8991
2001-10-22,0.8925
2001-10-23,0.8906
2001-10-24,0.8934
2001-10-25,0.8938
2001-10-26,0.8919
2001-10-29,0.9035
2001-10-30,0.9049
2001-10-31,0.9
2001-11-01,0.9037
2001-11-02,0.9024
2001-11-05,0.8975
2001-11-06,0.8973
2001-11-07,0.8954
2001-11-08,0.8939
2001-11-09,0.8935
2001-11-12,0.895
2001-11-13,0.8813
2001-11-14,0.8832
2001-11-15,0.8814
2001-11-16,0.8846
2001-11-19,0.8796
2001-11-20,0.8828
2001-11-21,0.8782
2001-11-22,0.878
2001-11-23,0.8784
2001-11-26,0.8804
2001-11-27,0.8822
2001-11-28,0.8877
2001-11-29,0.8888
2001-11-30,0.896
2001-12-03,0.8919
2001-12-04,0.8901
2001-12-05,0.8869
2001-12-06,0.8951
2001-12-07,0.8897
2001-12-10,0.8897
2001-12-11,0.8916
2001-12-12,0.8982
2001-12-13,0.8935
2001-12-14,0.9041
2001-12-17,0.9026
2001-12-18,0.9028
2001-12-19,0.9001
2001-12-20,0.9
2001-12-21,0.887
2001-12-24,0.8767
2001-12-25,0.879
2001-12-26,0.8786
2001-12-27,0.8829
2001-12-28,0.8839
2001-12-31,0.8904
2002-01-01,0.8904
2002-01-02,0.9039
2002-01-03,0.8999
2002-01-04,0.8953
2002-01-07,0.8933
2002-01-08,0.8925
2002-01-09,0.8907
2002-01-10,0.8917
2002-01-11,0.8922
2002-01-14,0.8943
2002-01-15,0.8844
2002-01-16,0.8827
2002-01-17,0.8815
2002-01-18,0.8847
2002-01-21,0.8835
2002-01-22,0.8858
2002-01-23,0.8776
2002-01-24,0.8767
2002-01-25,0.8648
2002-01-28,0.8613
2002-01-29,0.8647
2002-01-30,0.8616
2002-01-31,0.8588
2002-02-01,0.8619
2002-02-04,0.8701
2002-02-05,0.8674
2002-02-06,0.8687
2002-02-07,0.871
2002-02-08,0.8724
2002-02-11,0.8766
2002-02-12,0.8763
2002-02-13,0.8713
2002-02-14,0.8737
2002-02-15,0.8727
2002-02-18,0.871
2002-02-19,0.8759
2002-02-20,0.8703
2002-02-21,0.8687
2002-02-22,0.8757
2002-02-25,0.8689
2002-02-26,0.8638
2002-02-27,0.8656
2002-02-28,0.8688
2002-03-01,0.8651
2002-03-04,0.8693
2002-03-05,0.8717
2002-03-06,0.8761
2002-03-07,0.8835
2002-03-08,0.8735
2002-03-11,0.8753
2002-03-12,0.8763
2002-03-13,0.8765
2002-03-14,0.8824
2002-03-15,0.8825
2002-03-18,0.8821
2002-03-19,0.8828
2002-03-20,0.8843
2002-03-21,0.8818
2002-03-22,0.8767
2002-03-25,0.8772
2002-03-26,0.8768
2002-03-27,0.8727
2002-03-28,0.8709
2002-03-29,0.8716
2002-04-01,0.8807
2002-04-02,0.8789
2002-04-03,0.8809
2002-04-04,0.8777
2002-04-05,0.8796
2002-04-08,0.8741
2002-04-09,0.8805
2002-04-10,0.8804
2002-04-11,0.883
2002-04-12,0.8792
2002-04-15,0.8803
2002-04-16,0.8819
2002-04-17,0.8894
2002-04-18,0.8912
2002-04-19,0.8917
2002-04-22,0.8897
2002-04-23,0.8886
2002-04-24,0.8922
2002-04-25,0.898
2002-04-26,0.9015
2002-04-29,0.9034
2002-04-30,0.9008
2002-05-01,0.9057
2002-05-02,0.9027
2002-05-03,0.9168
2002-05-06,0.9166
2002-05-07,0.9151
2002-05-08,0.9053
2002-05-09,0.9089
2002-05-10,0.9138
2002-05-13,0.9119
2002-05-14,0.9023
2002-05-15,0.9114
2002-05-16,0.9117
2002-05-17,0.9214
2002-05-20,0.9223
2002-05-21,0.9201
2002-05-22,0.9262
2002-05-23,0.9215
2002-05-24,0.9211
2002-05-27,0.921
2002-05-28,0.9291
2002-05-29,0.9365
2002-05-30,0.9387
2002-05-31,0.9323
2002-06-03,0.9377
2002-06-04,0.9413
2002-06-05,0.9394
2002-06-06,0.9456
2002-06-07,0.9441
2002-06-10,0.9435
2002-06-11,0.9473
2002-06-12,0.9447
2002-06-13,0.942
2002-06-14,0.9455
2002-06-17,0.9442
2002-06-18,0.9515
2002-06-19,0.9565
2002-06-20,0.9637
2002-06-21,0.9701
2002-06-24,0.9706
2002-06-25,0.9773
2002-06-26,0.986
2002-06-27,0.9882
2002-06-28,0.9919
2002-07-01,0.9875
2002-07-02,0.9834
2002-07-03,0.9811
2002-07-04,0.979
2002-07-05,0.9734
2002-07-08,0.9777
2002-07-09,0.9943
2002-07-10,0.9884
2002-07-11,0.991
2002-07-12,0.9905
2002-07-15,1.0056
2002-07-16,1.0079
2002-07-17,1.0094
2002-07-18,1.0098
2002-07-19,1.0135
2002-07-22,1.0078
2002-07-23,0.9861
2002-07-24,0.996
2002-07-25,1.0017
2002-07-26,0.9872
2002-07-29,0.9806
2002-07-30,0.9841
2002-07-31,0.9769
2002-08-01,0.9835
2002-08-02,0.9866
2002-08-05,0.9808
2002-08-06,0.9649
2002-08-07,0.9743
2002-08-08,0.9658
2002-08-09,0.9705
2002-08-12,0.9789
2002-08-13,0.9816
2002-08-14,0.9783
2002-08-15,0.982
2002-08-16,0.9837
2002-08-19,0.9768
2002-08-20,0.9789
2002-08-21,0.9796
2002-08-22,0.9702
2002-08-23,0.972
2002-08-26,0.9723
2002-08-27,0.9832
2002-08-28,0.9801
2002-08-29,0.9839
2002-08-30,0.9808
2002-09-02,0.9845
2002-09-03,0.9864
2002-09-04,0.9912
2002-09-05,0.993
2002-09-06,0.9909
2002-09-09,0.9787
2002-09-10,0.9748
2002-09-11,0.9758
2002-09-12,0.9817
2002-09-13,0.9726
2002-09-16,0.971
2002-09-17,0.9711
2002-09-18,0.9762
2002-09-19,0.9844
2002-09-20,0.9805
2002-09-23,0.9778
2002-09-24,0.9813
2002-09-25,0.9762
2002-09-26,0.9774
2002-09-27,0.9793
2002-09-30,0.9865
2002-10-01,0.9847
2002-10-02,0.9846
2002-10-03,0.9867
2002-10-04,0.9797
2002-10-07,0.982
2002-10-08,0.9782
2002-10-09,0.9903
2002-10-10,0.986
2002-10-11,0.9861
2002-10-14,0.9865
2002-10-15,0.9805
2002-10-16,0.9818
2002-10-17,0.9717
2002-10-18,0.9716
2002-10-21,0.9739
2002-10-22,0.9785
2002-10-23,0.9765
2002-10-24,0.9773
2002-10-25,0.9767
2002-10-28,0.9841
2002-10-29,0.9846
2002-10-30,0.9846
2002-10-31,0.989
2002-11-01,0.9965
2002-11-04,0.9972
2002-11-05,0.9995
2002-11-06,1.0026
2002-11-07,1.0092
2002-11-08,1.0131
2002-11-11,1.01
2002-11-12,1.0115
2002-11-13,1.0067
2002-11-14,1.0057
2002-11-15,1.0088
2002-11-18,1.0086
2002-11-19,1.003
2002-11-20,1.0017
2002-11-21,1.001
2002-11-22,0.997
2002-11-25,0.9955
2002-11-26,0.9924
2002-11-27,0.99
2002-11-28,0.9948
2002-11-29,0.9943
2002-12-02,0.9972
2002-12-03,0.9956
2002-12-04,0.9997
2002-12-05,1.0004
2002-12-06,1.0091
2002-12-09,1.0098
2002-12-10,1.0092
2002-12-11,1.008
2002-12-12,1.0185
2002-12-13,1.0224
2002-12-16,1.0222
2002-12-17,1.0285
2002-12-18,1.026
2002-12-19,1.0267
2002-12-20,1.0268
2002-12-23,1.0246
2002-12-24,1.0304
2002-12-25,1.031
2002-12-26,1.0372
2002-12-27,1.0439
2002-12-30,1.048
2002-12-31,1.0501
2003-01-01,1.0501
2003-01-02,1.036
2003-01-03,1.0415
2003-01-06,1.0472
2003-01-07,1.0415
2003-01-08,1.049
2003-01-09,1.0485
2003-01-10,1.0583
2003-01-13,1.0547
2003-01-14,1.0568
2003-01-15,1.0546
2003-01-16,1.0617
2003-01-17,1.0654
2003-01-20,1.068
2003-01-21,1.0716
2003-01-22,1.0716
2003-01-23,1.0759
2003-01-24,1.0838
2003-01-27,1.0854
2003-01-28,1.0819
2003-01-29,1.0832
2003-01-30,1.0805
2003-01-31,1.0755
2003-02-03,1.0768
2003-02-04,1.0877
2003-02-05,1.0804
2003-02-06,1.0832
2003-02-07,1.083
2003-02-10,1.0745
2003-02-11,1.0733
2003-02-12,1.0719
2003-02-13,1.0837
2003-02-14,1.0774
2003-02-17,1.0737
2003-02-18,1.0686
2003-02-19,1.0758
2003-02-20,1.0823
2003-02-21,1.0764
2003-02-24,1.0793
2003-02-25,1.0764
2003-02-26,1.0801
2003-02-27,1.0767
2003-02-28,1.08
2003-03-03,1.0887
2003-03-04,1.0879
2003-03-05,1.0973
2003-03-06,1.0973
2003-03-07,1.1007
2003-03-10,1.1045
2003-03-11,1.103
2003-03-12,1.1003
2003-03-13,1.0807
2003-03-14,1.0742
2003-03-17,1.0637
2003-03-18,1.0632
2003-03-19,1.057
2003-03-20,1.0606
2003-03-21,1.053
2003-03-24,1.0645
2003-03-25,1.065
2003-03-26,1.0685
2003-03-27,1.0687
2003-03-28,1.078
2003-03-31,1.0915
2003-04-01,1.0908
2003-04-02,1.0767
2003-04-03,1.0735
2003-04-04,1.073
2003-04-07,1.0658
2003-04-08,1.0716
2003-04-09,1.0757
2003-04-10,1.08
2003-04-11,1.0755
2003-04-14,1.078
2003-04-15,1.0815
2003-04-16,1.0912
2003-04-17,1.0881
2003-04-18,1.0884
2003-04-21,1.0865
2003-04-22,1.097
2003-04-23,1.097
2003-04-24,1.103
2003-04-25,1.1025
2003-04-28,1.0985
2003-04-29,1.1068
2003-04-30,1.1176
2003-05-01,1.123
2003-05-02,1.1227
2003-05-05,1.1282
2003-05-06,1.1436
2003-05-07,1.137
2003-05-08,1.1497
2003-05-09,1.1491
2003-05-12,1.1551
2003-05-13,1.1516
2003-05-14,1.1504
2003-05-15,1.1394
2003-05-16,1.1571
2003-05-19,1.1658
2003-05-20,1.1709
2003-05-21,1.168
2003-05-22,1.1698
2003-05-23,1.1807
2003-05-26,1.1851
2003-05-27,1.1835
2003-05-28,1.1761
2003-05-29,1.1773
2003-05-30,1.1785
2003-06-02,1.176
2003-06-03,1.1747
2003-06-04,1.168
2003-06-05,1.1845
2003-06-06,1.1698
2003-06-09,1.174
2003-06-10,1.1685
2003-06-11,1.1746
2003-06-12,1.1766
2003-06-13,1.1867
2003-06-16,1.1839
2003-06-17,1.18
2003-06-18,1.1687
2003-06-19,1.172
2003-06-20,1.1582
2003-06-23,1.155
2003-06-24,1.1511
2003-06-25,1.1545
2003-06-26,1.1425
2003-06-27,1.143
2003-06-30,1.15
2003-07-01,1.1563
2003-07-02,1.1542
2003-07-03,1.1487
2003-07-04,1.1493
2003-07-07,1.1315
2003-07-08,1.131
2003-07-09,1.1342
2003-07-10,1.1385
2003-07-11,1.1306
2003-07-14,1.1278
2003-07-15,1.1186
2003-07-16,1.121
2003-07-17,1.1215
2003-07-18,1.129
2003-07-21,1.1346
2003-07-22,1.134
2003-07-23,1.1466
2003-07-24,1.1467
2003-07-25,1.1507
2003-07-28,1.1494
2003-07-29,1.1455
2003-07-30,1.134
2003-07-31,1.1245
2003-08-01,1.1262
2003-08-04,1.1358
2003-08-05,1.1347
2003-08-06,1.135
2003-08-07,1.1369
2003-08-08,1.13
2003-08-11,1.1355
2003-08-12,1.1312
2003-08-13,1.1317
2003-08-14,1.1245
2003-08-15,1.126
2003-08-18,1.1162
2003-08-19,1.1142
2003-08-20,1.1115
2003-08-21,1.0928
2003-08-22,1.0886
2003-08-25,1.0873
2003-08-26,1.0875
2003-08-27,1.0877
2003-08-28,1.0874
2003-08-29,1.0989
2003-09-01,1.0963
2003-09-02,1.0815
2003-09-03,1.0841
2003-09-04,1.094
2003-09-05,1.11
2003-09-08,1.1096
2003-09-09,1.1223
2003-09-10,1.1214
2003-09-11,1.12
2003-09-12,1.1288
2003-09-15,1.1299
2003-09-16,1.1172
2003-09-17,1.1296
2003-09-18,1.1241
2003-09-19,1.1358
2003-09-22,1.1484
2003-09-23,1.1463
2003-09-24,1.149
2003-09-25,1.15
2003-09-26,1.1473
2003-09-29,1.1585
2003-09-30,1.1645
2003-10-01,1.1706
2003-10-02,1.1691
2003-10-03,1.1562
2003-10-06,1.1705
2003-10-07,1.1775
2003-10-08,1.1805
2003-10-09,1.1747
2003-10-10,1.1805
2003-10-13,1.169
2003-10-14,1.1719
2003-10-15,1.1646
2003-10-16,1.1602
2003-10-17,1.1674
2003-10-20,1.1658
2003-10-21,1.1656
2003-10-22,1.181
2003-10-23,1.1783
2003-10-24,1.1816
2003-10-27,1.1739
2003-10-28,1.1687
2003-10-29,1.1673
2003-10-30,1.1628
2003-10-31,1.1572
2003-11-03,1.1453
2003-11-04,1.1497
2003-11-05,1.1439
2003-11-06,1.1413
2003-11-07,1.1538
2003-11-10,1.1492
2003-11-11,1.1505
2003-11-12,1.163
2003-11-13,1.173
2003-11-14,1.177
2003-11-17,1.1762
2003-11-18,1.1954
2003-11-19,1.1886
2003-11-20,1.1912
2003-11-21,1.1915
2003-11-24,1.1769
2003-11-25,1.1785
2003-11-26,1.1922
2003-11-27,1.1902
2003-11-28,1.1988
2003-12-01,1.1973
2003-12-02,1.2078
2003-12-03,1.2102
2003-12-04,1.2091
2003-12-05,1.2163
2003-12-08,1.2221
2003-12-09,1.2236
2003-12-10,1.2219
2003-12-11,1.221
2003-12-12,1.2293
2003-12-15,1.2304
2003-12-16,1.2323
2003-12-17,1.2399
2003-12-18,1.2428
2003-12-19,1.2375
2003-12-22,1.241
2003-12-23,1.2393
2003-12-24,1.2455
2003-12-25,1.245
2003-12-26,1.243
2003-12-29,1.2487
2003-12-30,1.2545
2003-12-31,1.258
2004-01-01,1.2475
2004-01-02,1.2595
2004-01-05,1.2671
2004-01-06,1.2763
2004-01-07,1.2647
2004-01-08,1.2763
2004-01-09,1.2841
2004-01-12,1.2746
2004-01-13,1.2747
2004-01-14,1.2663
2004-01-15,1.2578
2004-01-16,1.2375
2004-01-19,1.2355
2004-01-20,1.2568
2004-01-21,1.2632
2004-01-22,1.271
2004-01-23,1.2598
2004-01-26,1.2463
2004-01-27,1.2632
2004-01-28,1.2513
2004-01-29,1.2401
2004-01-30,1.2465
2004-02-02,1.2412
2004-02-03,1.2539
2004-02-04,1.253
2004-02-05,1.254
2004-02-06,1.2697
2004-02-09,1.2687
2004-02-10,1.2705
2004-02-11,1.281
2004-02-12,1.28
2004-02-13,1.2745
2004-02-16,1.277
2004-02-17,1.2842
2004-02-18,1.2666
2004-02-19,1.2702
2004-02-20,1.253
2004-02-23,1.2543
2004-02-24,1.2686
2004-02-25,1.2494
2004-02-26,1.244
2004-02-27,1.249
2004-03-01,1.2447
2004-03-02,1.2219
2004-03-03,1.2187
2004-03-04,1.2193
2004-03-05,1.2376
2004-03-08,1.2394
2004-03-09,1.2314
2004-03-10,1.2245
2004-03-11,1.2318
2004-03-12,1.2223
2004-03-15,1.2263
2004-03-16,1.2264
2004-03-17,1.224
2004-03-18,1.2372
2004-03-19,1.228
2004-03-22,1.2334
2004-03-23,1.2323
2004-03-24,1.2129
2004-03-25,1.2134
2004-03-26,1.2118
2004-03-29,1.2147
2004-03-30,1.2175
2004-03-31,1.2304
2004-04-01,1.2352
2004-04-02,1.2134
2004-04-05,1.2014
2004-04-06,1.2092
2004-04-07,1.217
2004-04-08,1.207
2004-04-09,1.209
2004-04-12,1.2071
2004-04-13,1.194
2004-04-14,1.1957
2004-04-15,1.1982
2004-04-16,1.1993
2004-04-19,1.2014
2004-04-20,1.1855
2004-04-21,1.1834
2004-04-22,1.1894
2004-04-23,1.1837
2004-04-26,1.1879
2004-04-27,1.1934
2004-04-28,1.1842
2004-04-29,1.1974
2004-04-30,1.1984
2004-05-03,1.194
2004-05-04,1.2087
2004-05-05,1.2171
2004-05-06,1.2075
2004-05-07,1.1895
2004-05-10,1.1864
2004-05-11,1.1875
2004-05-12,1.1905
2004-05-13,1.1821
2004-05-14,1.1879
2004-05-17,1.201
2004-05-18,1.1942
2004-05-19,1.201
2004-05-20,1.196
2004-05-21,1.201
2004-05-24,1.2017
2004-05-25,1.2106
2004-05-26,1.2114
2004-05-27,1.228
2004-05-28,1.222
2004-05-31,1.2185
2004-06-01,1.2228
2004-06-02,1.2225
2004-06-03,1.2223
2004-06-04,1.229
2004-06-07,1.2312
2004-06-08,1.2264
2004-06-09,1.205
2004-06-10,1.2104
2004-06-11,1.2015
2004-06-14,1.2064
2004-06-15,1.2162
2004-06-16,1.2003
2004-06-17,1.2062
2004-06-18,1.214
2004-06-21,1.2105
2004-06-22,1.2097
2004-06-23,1.209
2004-06-24,1.217
2004-06-25,1.215
2004-06-28,1.219
2004-06-29,1.2082
2004-06-30,1.2187
2004-07-01,1.2172
2004-07-02,1.2323
2004-07-05,1.2279
2004-07-06,1.2305
2004-07-07,1.2365
2004-07-08,1.2391
2004-07-09,1.2415
2004-07-12,1.2405
2004-07-13,1.2326
2004-07-14,1.2393
2004-07-15,1.234
2004-07-16,1.2448
2004-07-19,1.2435
2004-07-20,1.2327
2004-07-21,1.225
2004-07-22,1.2244
2004-07-23,1.2099
2004-07-26,1.2145
2004-07-27,1.206
2004-07-28,1.2065
2004-07-29,1.2036
2004-07-30,1.2017
2004-08-02,1.2036
2004-08-03,1.206
2004-08-04,1.205
2004-08-05,1.2061
2004-08-06,1.2274
2004-08-09,1.2278
2004-08-10,1.2238
2004-08-11,1.2215
2004-08-12,1.2257
2004-08-13,1.237
2004-08-16,1.2355
2004-08-17,1.2343
2004-08-18,1.2329
2004-08-19,1.2366
2004-08-20,1.2309
2004-08-23,1.2148
2004-08-24,1.2085
2004-08-25,1.2085
2004-08-26,1.2108
2004-08-27,1.2021
2004-08-30,1.2051
2004-08-31,1.218
2004-09-01,1.2185
2004-09-02,1.2161
2004-09-03,1.2066
2004-09-06,1.2065
2004-09-07,1.2107
2004-09-08,1.2186
2004-09-09,1.2191
2004-09-10,1.2269
2004-09-13,1.2258
2004-09-14,1.225
2004-09-15,1.2154
2004-09-16,1.2185
2004-09-17,1.218
2004-09-20,1.2167
2004-09-21,1.233
2004-09-22,1.2259
2004-09-23,1.2263
2004-09-24,1.2262
2004-09-27,1.2283
2004-09-28,1.2323
2004-09-29,1.2329
2004-09-30,1.2435
2004-10-01,1.2409
2004-10-04,1.2289
2004-10-05,1.2323
2004-10-06,1.2277
2004-10-07,1.2292
2004-10-08,1.2416
2004-10-11,1.2375
2004-10-12,1.2319
2004-10-13,1.2335
2004-10-14,1.24
2004-10-15,1.248
2004-10-18,1.2505
2004-10-19,1.2518
2004-10-20,1.2589
2004-10-21,1.2621
2004-10-22,1.2647
2004-10-25,1.2799
2004-10-26,1.2753
2004-10-27,1.2705
2004-10-28,1.2739
2004-10-29,1.2787
2004-11-01,1.2745
2004-11-02,1.2685
2004-11-03,1.2816
2004-11-04,1.2861
2004-11-05,1.2965
2004-11-08,1.2915
2004-11-09,1.29
2004-11-10,1.2888
2004-11-11,1.2908
2004-11-12,1.2984
2004-11-15,1.2938
2004-11-16,1.2966
2004-11-17,1.3035
2004-11-18,1.2955
2004-11-19,1.3016
2004-11-22,1.3036
2004-11-23,1.3081
2004-11-24,1.3167
2004-11-25,1.3239
2004-11-26,1.329
2004-11-29,1.3276
2004-11-30,1.329
2004-12-01,1.3318
2004-12-02,1.327
2004-12-03,1.345
2004-12-06,1.34
2004-12-07,1.3427
2004-12-08,1.3335
2004-12-09,1.331
2004-12-10,1.3236
2004-12-13,1.3321
2004-12-14,1.3301
2004-12-15,1.3406
2004-12-16,1.3235
2004-12-17,1.3288
2004-12-20,1.3396
2004-12-21,1.3365
2004-12-22,1.3395
2004-12-23,1.3503
2004-12-24,1.3534
2004-12-27,1.3625
2004-12-28,1.3611
2004-12-29,1.3588
2004-12-30,1.365
2004-12-31,1.3557
2005-01-03,1.348
2005-01-04,1.3272
2005-01-05,1.3261
2005-01-06,1.3169
2005-01-07,1.3054
2005-01-10,1.3089
2005-01-11,1.3118
2005-01-12,1.3265
2005-01-13,1.3201
2005-01-14,1.3108
2005-01-17,1.3073
2005-01-18,1.3024
2005-01-19,1.2994
2005-01-20,1.2956
2005-01-21,1.306
2005-01-24,1.3056
2005-01-25,1.2966
2005-01-26,1.3069
2005-01-27,1.3035
2005-01-28,1.304
2005-01-31,1.3031
2005-02-01,1.3053
2005-02-02,1.3041
2005-02-03,1.297
2005-02-04,1.2875
2005-02-07,1.2775
2005-02-08,1.2774
2005-02-09,1.2793
2005-02-10,1.288
2005-02-11,1.2869
2005-02-14,1.2961
2005-02-15,1.3017
2005-02-16,1.304
2005-02-17,1.3065
2005-02-18,1.307
2005-02-21,1.307
2005-02-22,1.3259
2005-02-23,1.3228
2005-02-24,1.3203
2005-02-25,1.3243
2005-02-28,1.3241
2005-03-01,1.3186
2005-03-02,1.3134
2005-03-03,1.311
2005-03-04,1.3255
2005-03-07,1.3202
2005-03-08,1.3342
2005-03-09,1.34
2005-03-10,1.3426
2005-03-11,1.346
2005-03-14,1.3367
2005-03-15,1.3318
2005-03-16,1.3413
2005-03-17,1.3371
2005-03-18,1.331
2005-03-21,1.3175
2005-03-22,1.3087
2005-03-23,1.2976
2005-03-24,1.2945
2005-03-25,1.2954
2005-03-28,1.2884
2005-03-29,1.2921
2005-03-30,1.2935
2005-03-31,1.2961
2005-04-01,1.2906
2005-04-04,1.2853
2005-04-05,1.2867
2005-04-06,1.2875
2005-04-07,1.2856
2005-04-08,1.2923
2005-04-11,1.2981
2005-04-12,1.2922
2005-04-13,1.2909
2005-04-14,1.2823
2005-04-15,1.2909
2005-04-18,1.3019
2005-04-19,1.3073
2005-04-20,1.3084
2005-04-21,1.3054
2005-04-22,1.3065
2005-04-25,1.2995
2005-04-26,1.299
2005-04-27,1.2935
2005-04-28,1.29
2005-04-29,1.2865
2005-05-02,1.2862
2005-05-03,1.287
2005-05-04,1.2943
2005-05-05,1.2948
2005-05-06,1.2825
2005-05-09,1.2833
2005-05-10,1.2872
2005-05-11,1.28
2005-05-12,1.2707
2005-05-13,1.2613
2005-05-16,1.2635
2005-05-17,1.2605
2005-05-18,1.268
2005-05-19,1.2639
2005-05-20,1.2555
2005-05-23,1.2576
2005-05-24,1.2588
2005-05-25,1.2605
2005-05-26,1.2513
2005-05-27,1.2585
2005-05-30,1.247
2005-05-31,1.2305
2005-06-01,1.2203
2005-06-02,1.2285
2005-06-03,1.2222
2005-06-06,1.2276
2005-06-07,1.2281
2005-06-08,1.2233
2005-06-09,1.2217
2005-06-10,1.2119
2005-06-13,1.2107
2005-06-14,1.2033
2005-06-15,1.2116
2005-06-16,1.2105
2005-06-17,1.2276
2005-06-20,1.2146
2005-06-21,1.2182
2005-06-22,1.2127
2005-06-23,1.2026
2005-06-24,1.2096
2005-06-27,1.2154
2005-06-28,1.2073
2005-06-29,1.2078
2005-06-30,1.2101
2005-07-01,1.1959
2005-07-04,1.1905
2005-07-05,1.1912
2005-07-06,1.1923
2005-07-07,1.1944
2005-07-08,1.1957
2005-07-11,1.2075
2005-07-12,1.2234
2005-07-13,1.209
2005-07-14,1.2089
2005-07-15,1.2042
2005-07-18,1.2053
2005-07-19,1.2036
2005-07-20,1.2157
2005-07-21,1.217
2005-07-22,1.2066
2005-07-25,1.2056
2005-07-26,1.2017
2005-07-27,1.2074
2005-07-28,1.2132
2005-07-29,1.2125
2005-08-01,1.2205
2005-08-02,1.2198
2005-08-03,1.234
2005-08-04,1.2378
2005-08-05,1.2346
2005-08-08,1.2361
2005-08-09,1.2368
2005-08-10,1.238
2005-08-11,1.247
2005-08-12,1.244
2005-08-15,1.2366
2005-08-16,1.2357
2005-08-17,1.2265
2005-08-18,1.2178
2005-08-19,1.217
2005-08-22,1.2226
2005-08-23,1.223
2005-08-24,1.2266
2005-08-25,1.2312
2005-08-26,1.2283
2005-08-29,1.2227
2005-08-30,1.2218
2005-08-31,1.235
2005-09-01,1.2495
2005-09-02,1.255
2005-09-05,1.2525
2005-09-06,1.248
2005-09-07,1.2419
2005-09-08,1.2393
2005-09-09,1.2404
2005-09-12,1.2274
2005-09-13,1.2267
2005-09-14,1.2277
2005-09-15,1.222
2005-09-16,1.2241
2005-09-19,1.2147
2005-09-20,1.2126
2005-09-21,1.2205
2005-09-22,1.2148
2005-09-23,1.2045
2005-09-26,1.2067
2005-09-27,1.2013
2005-09-28,1.2025
2005-09-29,1.2035
2005-09-30,1.2014
2005-10-03,1.1915
2005-10-04,1.1915
2005-10-05,1.1955
2005-10-06,1.2183
2005-10-07,1.213
2005-10-10,1.2054
2005-10-11,1.1984
2005-10-12,1.2024
2005-10-13,1.2025
2005-10-14,1.2089
2005-10-17,1.2035
2005-10-18,1.1953
2005-10-19,1.198
2005-10-20,1.2014
2005-10-21,1.1953
2005-10-24,1.1976
2005-10-25,1.2105
2005-10-26,1.2065
2005-10-27,1.2141
2005-10-28,1.207
2005-10-31,1.1992
2005-11-01,1.1997
2005-11-02,1.207
2005-11-03,1.1943
2005-11-04,1.1823
2005-11-07,1.1814
2005-11-08,1.1785
2005-11-09,1.177
2005-11-10,1.169
2005-11-11,1.1709
2005-11-14,1.1687
2005-11-15,1.1708
2005-11-16,1.1685
2005-11-17,1.1751
2005-11-18,1.1763
2005-11-21,1.1726
2005-11-22,1.1813
2005-11-23,1.1799
2005-11-24,1.1782
2005-11-25,1.1719
2005-11-28,1.1873
2005-11-29,1.1787
2005-11-30,1.1791
2005-12-01,1.1734
2005-12-02,1.1712
2005-12-05,1.1792
2005-12-06,1.1795
2005-12-07,1.172
2005-12-08,1.1814
2005-12-09,1.1821
2005-12-12,1.1947
2005-12-13,1.1956
2005-12-14,1.2001
2005-12-15,1.1967
2005-12-16,1.2008
2005-12-19,1.2007
2005-12-20,1.1864
2005-12-21,1.183
2005-12-22,1.1879
2005-12-23,1.1865
2005-12-26,1.1856
2005-12-27,1.1832
2005-12-28,1.183
2005-12-29,1.1843
2005-12-30,1.1832
2006-01-02,1.1831
2006-01-03,1.2021
2006-01-04,1.2124
2006-01-05,1.2108
2006-01-06,1.2159
2006-01-09,1.2087
2006-01-10,1.2072
2006-01-11,1.2127
2006-01-12,1.2039
2006-01-13,1.2139
2006-01-16,1.2118
2006-01-17,1.2098
2006-01-18,1.2105
2006-01-19,1.209
2006-01-20,1.2138
2006-01-23,1.2299
2006-01-24,1.2289
2006-01-25,1.2244
2006-01-26,1.2212
2006-01-27,1.2102
2006-01-30,1.2085
2006-01-31,1.2159
2006-02-01,1.206
2006-02-02,1.2098
2006-02-03,1.2026
2006-02-06,1.1968
2006-02-07,1.197
2006-02-08,1.1943
2006-02-09,1.1969
2006-02-10,1.1905
2006-02-13,1.1906
2006-02-14,1.1912
2006-02-15,1.1882
2006-02-16,1.1892
2006-02-17,1.1914
2006-02-20,1.1945
2006-02-21,1.1912
2006-02-22,1.1899
2006-02-23,1.1921
2006-02-24,1.1873
2006-02-27,1.1856
2006-02-28,1.1922
2006-03-01,1.1913
2006-03-02,1.2042
2006-03-03,1.2033
2006-03-06,1.2018
2006-03-07,1.1889
2006-03-08,1.1915
2006-03-09,1.1908
2006-03-10,1.1915
2006-03-13,1.1958
2006-03-14,1.202
2006-03-15,1.2068
2006-03-16,1.2178
2006-03-17,1.2193
2006-03-20,1.2165
2006-03-21,1.21
2006-03-22,1.2078
2006-03-23,1.1967
2006-03-24,1.2034
2006-03-27,1.2007
2006-03-28,1.201
2006-03-29,1.2021
2006-03-30,1.2161
2006-03-31,1.2114
2006-04-03,1.214
2006-04-04,1.2266
2006-04-05,1.2291
2006-04-06,1.2228
2006-04-07,1.2105
2006-04-10,1.2099
2006-04-11,1.2148
2006-04-12,1.2104
2006-04-13,1.2104
2006-04-14,1.2106
2006-04-17,1.2256
2006-04-18,1.2312
2006-04-19,1.2385
2006-04-20,1.2318
2006-04-21,1.2346
2006-04-24,1.2407
2006-04-25,1.2431
2006-04-26,1.2445
2006-04-27,1.2537
2006-04-28,1.2614
2006-05-01,1.2591
2006-05-02,1.2629
2006-05-03,1.2624
2006-05-04,1.2712
2006-05-05,1.2736
2006-05-08,1.2703
2006-05-09,1.2753
2006-05-10,1.281
2006-05-11,1.2829
2006-05-12,1.2908
2006-05-15,1.2812
2006-05-16,1.2857
2006-05-17,1.2743
2006-05-18,1.2844
2006-05-19,1.2775
2006-05-22,1.2864
2006-05-23,1.2869
2006-05-24,1.2775
2006-05-25,1.2795
2006-05-26,1.2733
2006-05-29,1.2752
2006-05-30,1.2873
2006-05-31,1.2812
2006-06-01,1.2801
2006-06-02,1.2919
2006-06-05,1.2921
2006-06-06,1.2837
2006-06-07,1.2795
2006-06-08,1.264
2006-06-09,1.2646
2006-06-12,1.2609
2006-06-13,1.2535
2006-06-14,1.2592
2006-06-15,1.2614
2006-06-16,1.2645
2006-06-19,1.2578
2006-06-20,1.2585
2006-06-21,1.2662
2006-06-22,1.2584
2006-06-23,1.2518
2006-06-26,1.2579
2006-06-27,1.2586
2006-06-28,1.2555
2006-06-29,1.2663
2006-06-30,1.2786
2006-07-03,1.2806
2006-07-04,1.2795
2006-07-05,1.2734
2006-07-06,1.2777
2006-07-07,1.2818
2006-07-10,1.2733
2006-07-11,1.2772
2006-07-12,1.2698
2006-07-13,1.269
2006-07-14,1.2642
2006-07-17,1.2524
2006-07-18,1.2509
2006-07-19,1.2597
2006-07-20,1.2638
2006-07-21,1.2685
2006-07-24,1.2632
2006-07-25,1.2583
2006-07-26,1.2695
2006-07-27,1.2694
2006-07-28,1.2751
2006-07-31,1.2772
2006-08-01,1.2816
2006-08-02,1.2797
2006-08-03,1.281
2006-08-04,1.2879
2006-08-07,1.2842
2006-08-08,1.2857
2006-08-09,1.2857
2006-08-10,1.2791
2006-08-11,1.2721
2006-08-14,1.2716
2006-08-15,1.2782
2006-08-16,1.2837
2006-08-17,1.2827
2006-08-18,1.2825
2006-08-21,1.2899
2006-08-22,1.2799
2006-08-23,1.2794
2006-08-24,1.2763
2006-08-25,1.2762
2006-08-28,1.2788
2006-08-29,1.2823
2006-08-30,1.2832
2006-08-31,1.2815
2006-09-01,1.2831
2006-09-04,1.2861
2006-09-05,1.2818
2006-09-06,1.2814
2006-09-07,1.2733
2006-09-08,1.2671
2006-09-11,1.2699
2006-09-12,1.2688
2006-09-13,1.2692
2006-09-14,1.2723
2006-09-15,1.266
2006-09-18,1.27
2006-09-19,1.2678
2006-09-20,1.2695
2006-09-21,1.2793
2006-09-22,1.2792
2006-09-25,1.2762
2006-09-26,1.2698
2006-09-27,1.27
2006-09-28,1.2712
2006-09-29,1.2679
2006-10-02,1.2738
2006-10-03,1.2729
2006-10-04,1.2712
2006-10-05,1.2691
2006-10-06,1.2601
2006-10-09,1.26
2006-10-10,1.2534
2006-10-11,1.2518
2006-10-12,1.2549
2006-10-13,1.2514
2006-10-16,1.2529
2006-10-17,1.2535
2006-10-18,1.2532
2006-10-19,1.2626
2006-10-20,1.262
2006-10-23,1.2551
2006-10-24,1.2566
2006-10-25,1.2615
2006-10-26,1.2691
2006-10-27,1.2735
2006-10-30,1.2728
2006-10-31,1.2765
2006-11-01,1.2761
2006-11-02,1.2778
2006-11-03,1.2716
2006-11-06,1.2722
2006-11-07,1.2771
2006-11-08,1.2771
2006-11-09,1.2824
2006-11-10,1.2849
2006-11-13,1.2809
2006-11-14,1.2823
2006-11-15,1.2823
2006-11-16,1.2794
2006-11-17,1.2815
2006-11-20,1.2813
2006-11-21,1.2843
2006-11-22,1.2927
2006-11-23,1.295
2006-11-24,1.3086
2006-11-27,1.3133
2006-11-28,1.3189
2006-11-29,1.3145
2006-11-30,1.3247
2006-12-01,1.3333
2006-12-04,1.3325
2006-12-05,1.3327
2006-12-06,1.3283
2006-12-07,1.328
2006-12-08,1.3203
2006-12-11,1.325
2006-12-12,1.3274
2006-12-13,1.3203
2006-12-14,1.3153
2006-12-15,1.3078
2006-12-18,1.3096
2006-12-19,1.3191
2006-12-20,1.3177
2006-12-21,1.3174
2006-12-22,1.3115
2006-12-25,1.3135
2006-12-26,1.3097
2006-12-27,1.3128
2006-12-28,1.3146
2006-12-29,1.3191
2007-01-01,1.3146
2007-01-02,1.3287
2007-01-03,1.3163
2007-01-04,1.3085
2007-01-05,1.3009
2007-01-08,1.3019
2007-01-09,1.3
2007-01-10,1.2936
2007-01-11,1.289
2007-01-12,1.2921
2007-01-15,1.2935
2007-01-16,1.2922
2007-01-17,1.293
2007-01-18,1.2958
2007-01-19,1.2963
2007-01-22,1.2953
2007-01-23,1.3022
2007-01-24,1.2958
2007-01-25,1.2928
2007-01-26,1.2911
2007-01-29,1.2954
2007-01-30,1.2961
2007-01-31,1.3029
2007-02-01,1.3021
2007-02-02,1.2966
2007-02-05,1.2928
2007-02-06,1.2978
2007-02-07,1.3006
2007-02-08,1.3037
2007-02-09,1.3005
2007-02-12,1.296
2007-02-13,1.303
2007-02-14,1.3124
2007-02-15,1.3143
2007-02-16,1.3134
2007-02-19,1.3146
2007-02-20,1.3144
2007-02-21,1.3141
2007-02-22,1.3126
2007-02-23,1.3162
2007-02-26,1.3184
2007-02-27,1.3236
2007-02-28,1.3234
2007-03-01,1.3195
2007-03-02,1.319
2007-03-05,1.3098
2007-03-06,1.3123
2007-03-07,1.3183
2007-03-08,1.3134
2007-03-09,1.3115
2007-03-12,1.3188
2007-03-13,1.3198
2007-03-14,1.322
2007-03-15,1.3232
2007-03-16,1.3309
2007-03-19,1.3299
2007-03-20,1.3307
2007-03-21,1.3383
2007-03-22,1.3331
2007-03-23,1.329
2007-03-26,1.3332
2007-03-27,1.3349
2007-03-28,1.3313
2007-03-29,1.3333
2007-03-30,1.3354
2007-04-02,1.3364
2007-04-03,1.3331
2007-04-04,1.3368
2007-04-05,1.3423
2007-04-06,1.3371
2007-04-09,1.3357
2007-04-10,1.3425
2007-04-11,1.3426
2007-04-12,1.3481
2007-04-13,1.3534
2007-04-16,1.3546
2007-04-17,1.3564
2007-04-18,1.3579
2007-04-19,1.3601
2007-04-20,1.3598
2007-04-23,1.3572
2007-04-24,1.3625
2007-04-25,1.3639
2007-04-26,1.3602
2007-04-27,1.3641
2007-04-30,1.3651
2007-05-01,1.3617
2007-05-02,1.3597
2007-05-03,1.3554
2007-05-04,1.3597
2007-05-07,1.3603
2007-05-08,1.3542
2007-05-09,1.3527
2007-05-10,1.3483
2007-05-11,1.3527
2007-05-14,1.354
2007-05-15,1.3589
2007-05-16,1.3519
2007-05-17,1.3493
2007-05-18,1.3505
2007-05-21,1.3465
2007-05-22,1.3465
2007-05-23,1.346
2007-05-24,1.3434
2007-05-25,1.3449
2007-05-28,1.3453
2007-05-29,1.345
2007-05-30,1.3428
2007-05-31,1.3453
2007-06-01,1.3442
2007-06-04,1.3487
2007-06-05,1.3521
2007-06-06,1.3504
2007-06-07,1.3432
2007-06-08,1.3362
2007-06-11,1.3356
2007-06-12,1.3316
2007-06-13,1.331
2007-06-14,1.3305
2007-06-15,1.3378
2007-06-18,1.3413
2007-06-19,1.3423
2007-06-20,1.3417
2007-06-21,1.3387
2007-06-22,1.3365
2007-06-25,1.3466
2007-06-26,1.3468
2007-06-27,1.3444
2007-06-28,1.3435
2007-06-29,1.3534
2007-07-02,1.3622
2007-07-03,1.3617
2007-07-04,1.3622
2007-07-05,1.3599
2007-07-06,1.3621
2007-07-09,1.3624
2007-07-10,1.3741
2007-07-11,1.3759
2007-07-12,1.3786
2007-07-13,1.3785
2007-07-16,1.3783
2007-07-17,1.3781
2007-07-18,1.3795
2007-07-19,1.3803
2007-07-20,1.3824
2007-07-23,1.3803
2007-07-24,1.3821
2007-07-25,1.3707
2007-07-26,1.3743
2007-07-27,1.3641
2007-07-30,1.369
2007-07-31,1.3689
2007-08-01,1.3655
2007-08-02,1.3699
2007-08-03,1.3815
2007-08-06,1.3795
2007-08-07,1.3766
2007-08-08,1.3797
2007-08-09,1.3677
2007-08-10,1.3695
2007-08-13,1.3619
2007-08-14,1.3542
2007-08-15,1.3462
2007-08-16,1.3403
2007-08-17,1.3474
2007-08-20,1.3481
2007-08-21,1.3468
2007-08-22,1.3535
2007-08-23,1.3557
2007-08-24,1.3668
2007-08-27,1.365
2007-08-28,1.3626
2007-08-29,1.3672
2007-08-30,1.3635
2007-08-31,1.3638
2007-09-03,1.361
2007-09-04,1.3614
2007-09-05,1.3653
2007-09-06,1.3684
2007-09-07,1.3769
2007-09-10,1.3806
2007-09-11,1.3827
2007-09-12,1.3909
2007-09-13,1.3881
2007-09-14,1.3877
2007-09-17,1.3867
2007-09-18,1.397
2007-09-19,1.3961
2007-09-20,1.4073
2007-09-21,1.4082
2007-09-24,1.4084
2007-09-25,1.4143
2007-09-26,1.4133
2007-09-27,1.4157
2007-09-28,1.4268
2007-10-01,1.4238
2007-10-02,1.4155
2007-10-03,1.4106
2007-10-04,1.4106
2007-10-05,1.4149
2007-10-08,1.405
2007-10-09,1.4102
2007-10-10,1.4132
2007-10-11,1.4183
2007-10-12,1.4173
2007-10-15,1.4199
2007-10-16,1.4162
2007-10-17,1.4184
2007-10-18,1.4293
2007-10-19,1.4295
2007-10-22,1.4157
2007-10-23,1.4257
2007-10-24,1.4257
2007-10-25,1.4319
2007-10-26,1.4385
2007-10-29,1.4424
2007-10-30,1.4436
2007-10-31,1.4485
2007-11-01,1.446
2007-11-02,1.45
2007-11-05,1.4469
2007-11-06,1.4553
2007-11-07,1.4635
2007-11-08,1.4665
2007-11-09,1.4665
2007-11-12,1.4548
2007-11-13,1.4601
2007-11-14,1.4652
2007-11-15,1.4617
2007-11-16,1.4657
2007-11-19,1.4668
2007-11-20,1.4812
2007-11-21,1.4864
2007-11-22,1.4845
2007-11-23,1.4835
2007-11-26,1.4878
2007-11-27,1.4845
2007-11-28,1.4855
2007-11-29,1.4753
2007-11-30,1.4635
2007-12-03,1.4671
2007-12-04,1.4764
2007-12-05,1.461
2007-12-06,1.4631
2007-12-07,1.4654
2007-12-10,1.471
2007-12-11,1.4652
2007-12-12,1.4717
2007-12-13,1.462
2007-12-14,1.4425
2007-12-17,1.4394
2007-12-18,1.4405
2007-12-19,1.4381
2007-12-20,1.4323
2007-12-21,1.4357
2007-12-24,1.4408
2007-12-25,1.4392
2007-12-26,1.4489
2007-12-27,1.4628
2007-12-28,1.4715
2007-12-31,1.4587
2008-01-01,1.4587
2008-01-02,1.4722
2008-01-03,1.4745
2008-01-04,1.4772
2008-01-07,1.4697
2008-01-08,1.4707
2008-01-09,1.4668
2008-01-10,1.4791
2008-01-11,1.479
2008-01-14,1.4873
2008-01-15,1.4827
2008-01-16,1.4827
2008-01-17,1.4671
2008-01-18,1.4619
2008-01-21,1.4441
2008-01-22,1.461
2008-01-23,1.4609
2008-01-24,1.4752
2008-01-25,1.467
2008-01-28,1.4775
2008-01-29,1.4776
2008-01-30,1.488
2008-01-31,1.4876
2008-02-01,1.4799
2008-02-04,1.4826
2008-02-05,1.4647
2008-02-06,1.4627
2008-02-07,1.4471
2008-02-08,1.4508
2008-02-11,1.4517
2008-02-12,1.4591
2008-02-13,1.4579
2008-02-14,1.4634
2008-02-15,1.4678
2008-02-18,1.4655
2008-02-19,1.4733
2008-02-20,1.4682
2008-02-21,1.4815
2008-02-22,1.4824
2008-02-25,1.4823
2008-02-26,1.4968
2008-02-27,1.5119
2008-02-28,1.5218
2008-02-29,1.5189
2008-03-03,1.5205
2008-03-04,1.521
2008-03-05,1.5268
2008-03-06,1.5376
2008-03-07,1.5348
2008-03-10,1.5347
2008-03-11,1.5317
2008-03-12,1.5558
2008-03-13,1.5584
2008-03-14,1.5666
2008-03-17,1.5729
2008-03-18,1.5633
2008-03-19,1.5609
2008-03-20,1.5435
2008-03-21,1.5446
2008-03-24,1.5418
2008-03-25,1.5596
2008-03-26,1.5832
2008-03-27,1.5778
2008-03-28,1.5803
2008-03-31,1.5783
2008-04-01,1.56
2008-04-02,1.5683
2008-04-03,1.5676
2008-04-04,1.5718
2008-04-07,1.5704
2008-04-08,1.5714
2008-04-09,1.5826
2008-04-10,1.5742
2008-04-11,1.5832
2008-04-14,1.58
2008-04-15,1.5775
2008-04-16,1.5951
2008-04-17,1.5889
2008-04-18,1.5801
2008-04-21,1.5927
2008-04-22,1.5997
2008-04-23,1.5892
2008-04-24,1.5681
2008-04-25,1.5605
2008-04-28,1.5643
2008-04-29,1.5561
2008-04-30,1.5633
2008-05-01,1.5458
2008-05-02,1.5416
2008-05-05,1.5496
2008-05-06,1.5528
2008-05-07,1.5401
2008-05-08,1.5403
2008-05-09,1.5479
2008-05-12,1.554
2008-05-13,1.5476
2008-05-14,1.5457
2008-05-15,1.5453
2008-05-16,1.558
2008-05-19,1.5511
2008-05-20,1.5669
2008-05-21,1.5782
2008-05-22,1.5696
2008-05-23,1.579
2008-05-26,1.5769
2008-05-27,1.5702
2008-05-28,1.5634
2008-05-29,1.5506
2008-05-30,1.5554
2008-06-02,1.5542
2008-06-03,1.5468
2008-06-04,1.5433
2008-06-05,1.5588
2008-06-06,1.5761
2008-06-09,1.5652
2008-06-10,1.5459
2008-06-11,1.557
2008-06-12,1.542
2008-06-13,1.536
2008-06-16,1.5483
2008-06-17,1.5513
2008-06-18,1.5528
2008-06-19,1.5495
2008-06-20,1.5621
2008-06-23,1.5521
2008-06-24,1.5576
2008-06-25,1.5665
2008-06-26,1.5758
2008-06-27,1.5773
2008-06-30,1.5757
2008-07-01,1.5789
2008-07-02,1.588
2008-07-03,1.5699
2008-07-04,1.571
2008-07-07,1.5721
2008-07-08,1.5756
2008-07-09,1.5743
2008-07-10,1.5784
2008-07-11,1.5925
2008-07-14,1.5908
2008-07-15,1.5875
2008-07-16,1.5815
2008-07-17,1.5818
2008-07-18,1.5844
2008-07-21,1.59
2008-07-22,1.5781
2008-07-23,1.5686
2008-07-24,1.5657
2008-07-25,1.5696
2008-07-28,1.5753
2008-07-29,1.5583
2008-07-30,1.5583
2008-07-31,1.5593
2008-08-01,1.554
2008-08-04,1.5586
2008-08-05,1.5469
2008-08-06,1.5412
2008-08-07,1.5329
2008-08-08,1.5012
2008-08-11,1.4934
2008-08-12,1.4923
2008-08-13,1.4934
2008-08-14,1.48
2008-08-15,1.4676
2008-08-18,1.47
2008-08-19,1.4783
2008-08-20,1.4743
2008-08-21,1.4882
2008-08-22,1.477
2008-08-25,1.4754
2008-08-26,1.4647
2008-08-27,1.471
2008-08-28,1.4701
2008-08-29,1.466
2008-09-01,1.4605
2008-09-02,1.4516
2008-09-03,1.4493
2008-09-04,1.4327
2008-09-05,1.4241
2008-09-08,1.4107
2008-09-09,1.4102
2008-09-10,1.404
2008-09-11,1.3946
2008-09-12,1.4214
2008-09-15,1.4194
2008-09-16,1.4149
2008-09-17,1.4379
2008-09-18,1.4301
2008-09-19,1.4469
2008-09-22,1.4808
2008-09-23,1.4715
2008-09-24,1.4657
2008-09-25,1.4625
2008-09-26,1.4618
2008-09-29,1.4467
2008-09-30,1.4065
2008-10-01,1.4058
2008-10-02,1.3824
2008-10-03,1.3834
2008-10-06,1.3456
2008-10-07,1.3625
2008-10-08,1.3666
2008-10-09,1.3634
2008-10-10,1.3412
2008-10-13,1.3525
2008-10-14,1.3656
2008-10-15,1.3494
2008-10-16,1.3444
2008-10-17,1.3437
2008-10-20,1.3327
2008-10-21,1.3072
2008-10-22,1.2832
2008-10-23,1.2902
2008-10-24,1.263
2008-10-27,1.2532
2008-10-28,1.2701
2008-10-29,1.2953
2008-10-30,1.2965
2008-10-31,1.2759
2008-11-03,1.2626
2008-11-04,1.2951
2008-11-05,1.2991
2008-11-06,1.2743
2008-11-07,1.2743
2008-11-10,1.2735
2008-11-11,1.2552
2008-11-12,1.2507
2008-11-13,1.2815
2008-11-14,1.2797
2008-11-17,1.2678
2008-11-18,1.2597
2008-11-19,1.253
2008-11-20,1.2465
2008-11-21,1.2573
2008-11-24,1.289
2008-11-25,1.3066
2008-11-26,1.2873
2008-11-27,1.2877
2008-11-28,1.2705
2008-12-01,1.2671
2008-12-02,1.2694
2008-12-03,1.2657
2008-12-04,1.2779
2008-12-05,1.268
2008-12-08,1.2953
2008-12-09,1.2923
2008-12-10,1.3012
2008-12-11,1.3316
2008-12-12,1.3371
2008-12-15,1.3665
2008-12-16,1.4126
2008-12-17,1.439
2008-12-18,1.4263
2008-12-19,1.3885
2008-12-22,1.3944
2008-12-23,1.3951
2008-12-24,1.3959
2008-12-25,1.4019
2008-12-26,1.406
2008-12-29,1.3983
2008-12-30,1.4089
2008-12-31,1.3954
2009-01-01,1.3954
2009-01-02,1.3855
2009-01-05,1.36
2009-01-06,1.3527
2009-01-07,1.3628
2009-01-08,1.3726
2009-01-09,1.3431
2009-01-12,1.3367
2009-01-13,1.3169
2009-01-14,1.3153
2009-01-15,1.3165
2009-01-16,1.3257
2009-01-19,1.3143
2009-01-20,1.288
2009-01-21,1.3018
2009-01-22,1.3001
2009-01-23,1.2978
2009-01-26,1.3181
2009-01-27,1.3176
2009-01-28,1.3139
2009-01-29,1.2979
2009-01-30,1.2793
2009-02-02,1.2827
2009-02-03,1.3039
2009-02-04,1.2856
2009-02-05,1.2796
2009-02-06,1.2945
2009-02-09,1.3024
2009-02-10,1.298
2009-02-11,1.2904
2009-02-12,1.2853
2009-02-13,1.289
2009-02-16,1.2769
2009-02-17,1.2612
2009-02-18,1.2553
2009-02-19,1.2686
2009-02-20,1.2848
2009-02-23,1.2699
2009-02-24,1.2853
2009-02-25,1.2715
2009-02-26,1.275
2009-02-27,1.2694
2009-03-02,1.2572
2009-03-03,1.2587
2009-03-04,1.2637
2009-03-05,1.2637
2009-03-06,1.2636
2009-03-09,1.2627
2009-03-10,1.2637
2009-03-11,1.2846
2009-03-12,1.2914
2009-03-13,1.29
2009-03-16,1.2988
2009-03-17,1.3005
2009-03-18,1.3492
2009-03-19,1.3665
2009-03-20,1.3559
2009-03-23,1.3649
2009-03-24,1.345
2009-03-25,1.3566
2009-03-26,1.3513
2009-03-27,1.3305
2009-03-30,1.3162
2009-03-31,1.3282
2009-04-01,1.3282
2009-04-02,1.3447
2009-04-03,1.3482
2009-04-06,1.3395
2009-04-07,1.3257
2009-04-08,1.3257
2009-04-09,1.3159
2009-04-10,1.3146
2009-04-13,1.3376
2009-04-14,1.3287
2009-04-15,1.3191
2009-04-16,1.3167
2009-04-17,1.3027
2009-04-20,1.2926
2009-04-21,1.2928
2009-04-22,1.3019
2009-04-23,1.3123
2009-04-24,1.3247
2009-04-27,1.3022
2009-04-28,1.3146
2009-04-29,1.3249
2009-04-30,1.323
2009-05-01,1.3267
2009-05-04,1.3373
2009-05-05,1.3312
2009-05-06,1.3341
2009-05-07,1.3341
2009-05-08,1.3621
2009-05-11,1.3595
2009-05-12,1.3642
2009-05-13,1.3581
2009-05-14,1.3653
2009-05-15,1.3479
2009-05-18,1.3552
2009-05-19,1.3636
2009-05-20,1.3768
2009-05-21,1.389
2009-05-22,1.4011
2009-05-25,1.3995
2009-05-26,1.3986
2009-05-27,1.3887
2009-05-28,1.3942
2009-05-29,1.4135
2009-06-01,1.4158
2009-06-02,1.4319
2009-06-03,1.4135
2009-06-04,1.4175
2009-06-05,1.3964
2009-06-08,1.3892
2009-06-09,1.4085
2009-06-10,1.3975
2009-06-11,1.4127
2009-06-12,1.401
2009-06-15,1.3786
2009-06-16,1.3849
2009-06-17,1.3947
2009-06-18,1.3899
2009-06-19,1.3955
2009-06-22,1.3874
2009-06-23,1.408
2009-06-24,1.3916
2009-06-25,1.398
2009-06-26,1.4077
2009-06-29,1.4086
2009-06-30,1.4042
2009-07-01,1.4151
2009-07-02,1.4033
2009-07-03,1.3975
2009-07-06,1.3962
2009-07-07,1.3912
2009-07-08,1.3851
2009-07-09,1.4031
2009-07-10,1.3949
2009-07-13,1.3996
2009-07-14,1.3933
2009-07-15,1.4125
2009-07-16,1.4137
2009-07-17,1.4138
2009-07-20,1.4221
2009-07-21,1.4192
2009-07-22,1.4213
2009-07-23,1.4209
2009-07-24,1.421
2009-07-27,1.4242
2009-07-28,1.4175
2009-07-29,1.4041
2009-07-30,1.4077
2009-07-31,1.4253
2009-08-03,1.4408
2009-08-04,1.4388
2009-08-05,1.4425
2009-08-06,1.4341
2009-08-07,1.4169
2009-08-10,1.4132
2009-08-11,1.4148
2009-08-12,1.4212
2009-08-13,1.4274
2009-08-14,1.4174
2009-08-17,1.4083
2009-08-18,1.4142
2009-08-19,1.4237
2009-08-20,1.4266
2009-08-21,1.4346
2009-08-24,1.4289
2009-08-25,1.4311
2009-08-26,1.4241
2009-08-27,1.4372
2009-08-28,1.4296
2009-08-31,1.4322
2009-09-01,1.4213
2009-09-02,1.4268
2009-09-03,1.425
2009-09-04,1.4311
2009-09-07,1.4329
2009-09-08,1.4507
2009-09-09,1.4542
2009-09-10,1.4574
2009-09-11,1.4594
2009-09-14,1.4615
2009-09-15,1.4675
2009-09-16,1.4731
2009-09-17,1.4744
2009-09-18,1.4722
2009-09-21,1.4676
2009-09-22,1.4799
2009-09-23,1.4744
2009-09-24,1.4652
2009-09-25,1.4669
2009-09-28,1.4599
2009-09-29,1.4571
2009-09-30,1.4632
2009-10-01,1.4522
2009-10-02,1.4571
2009-10-05,1.4652
2009-10-06,1.4713
2009-10-07,1.468
2009-10-08,1.4779
2009-10-09,1.4709
2009-10-12,1.4777
2009-10-13,1.483
2009-10-14,1.4918
2009-10-15,1.4887
2009-10-16,1.4893
2009-10-19,1.4944
2009-10-20,1.4929
2009-10-21,1.4999
2009-10-22,1.5025
2009-10-23,1.4997
2009-10-26,1.496
2009-10-27,1.4792
2009-10-28,1.4715
2009-10-29,1.4829
2009-10-30,1.4713
2009-11-02,1.4813
2009-11-03,1.4711
2009-11-04,1.4866
2009-11-05,1.4875
2009-11-06,1.4846
2009-11-09,1.4987
2009-11-10,1.4978
2009-11-11,1.4979
2009-11-12,1.4841
2009-11-13,1.4914
2009-11-16,1.4968
2009-11-17,1.4868
2009-11-18,1.4961
2009-11-19,1.4917
2009-11-20,1.4859
2009-11-23,1.4963
2009-11-24,1.4965
2009-11-25,1.5136
2009-11-26,1.4984
2009-11-27,1.4957
2009-11-30,1.5016
2009-12-01,1.5085
2009-12-02,1.5044
2009-12-03,1.5073
2009-12-04,1.4843
2009-12-07,1.4818
2009-12-08,1.4699
2009-12-09,1.4731
2009-12-10,1.4726
2009-12-11,1.4619
2009-12-14,1.465
2009-12-15,1.4528
2009-12-16,1.4532
2009-12-17,1.4347
2009-12-18,1.434
2009-12-21,1.4282
2009-12-22,1.425
2009-12-23,1.433
2009-12-24,1.4349
2009-12-25,1.4426
2009-12-28,1.4383
2009-12-29,1.4359
2009-12-30,1.4336
2009-12-31,1.4318
2010-01-01,1.4318
2010-01-04,1.4411
2010-01-05,1.4366
2010-01-06,1.4412
2010-01-07,1.4319
2010-01-08,1.4411
2010-01-11,1.4526
2010-01-12,1.4487
2010-01-13,1.4506
2010-01-14,1.4496
2010-01-15,1.4375
2010-01-18,1.4386
2010-01-19,1.4304
2010-01-20,1.4102
2010-01-21,1.4098
2010-01-22,1.414
2010-01-25,1.4153
2010-01-26,1.4076
2010-01-27,1.4018
2010-01-28,1.3971
2010-01-29,1.3867
2010-02-01,1.3926
2010-02-02,1.3963
2010-02-03,1.3903
2010-02-04,1.3738
2010-02-05,1.3652
2010-02-08,1.3659
2010-02-09,1.378
2010-02-10,1.3732
2010-02-11,1.3681
2010-02-12,1.3609
2010-02-15,1.3597
2010-02-16,1.3765
2010-02-17,1.3607
2010-02-18,1.3612
2010-02-19,1.359
2010-02-22,1.3597
2010-02-23,1.35
2010-02-24,1.3532
2010-02-25,1.3558
2010-02-26,1.3613
2010-03-01,1.3558
2010-03-02,1.3608
2010-03-03,1.3701
2010-03-04,1.3587
2010-03-05,1.3624
2010-03-08,1.363
2010-03-09,1.3599
2010-03-10,1.3641
2010-03-11,1.3677
2010-03-12,1.3758
2010-03-15,1.3671
2010-03-16,1.3778
2010-03-17,1.3738
2010-03-18,1.3612
2010-03-19,1.3531
2010-03-22,1.3549
2010-03-23,1.35
2010-03-24,1.3331
2010-03-25,1.328
2010-03-26,1.3423
2010-03-29,1.3477
2010-03-30,1.3413
2010-03-31,1.351
2010-04-01,1.3585
2010-04-02,1.3485
2010-04-05,1.3479
2010-04-06,1.3402
2010-04-07,1.3351
2010-04-08,1.3348
2010-04-09,1.3492
2010-04-12,1.3579
2010-04-13,1.3589
2010-04-14,1.3654
2010-04-15,1.3574
2010-04-16,1.3504
2010-04-19,1.3486
2010-04-20,1.3444
2010-04-21,1.3395
2010-04-22,1.3311
2010-04-23,1.3371
2010-04-26,1.3363
2010-04-27,1.3174
2010-04-28,1.3196
2010-04-29,1.3241
2010-04-30,1.3314
2010-05-03,1.3196
2010-05-04,1.3007
2010-05-05,1.2818
2010-05-06,1.2614
2010-05-07,1.2732
2010-05-10,1.2775
2010-05-11,1.2691
2010-05-12,1.2626
2010-05-13,1.2545
2010-05-14,1.238
2010-05-17,1.2386
2010-05-18,1.221
2010-05-19,1.2386
2010-05-20,1.2523
2010-05-21,1.2575
2010-05-24,1.2384
2010-05-25,1.2332
2010-05-26,1.2191
2010-05-27,1.2345
2010-05-28,1.2276
2010-05-31,1.23
2010-06-01,1.2235
2010-06-02,1.2243
2010-06-03,1.2163
2010-06-04,1.1963
2010-06-07,1.192
2010-06-08,1.1943
2010-06-09,1.1979
2010-06-10,1.2117
2010-06-11,1.2091
2010-06-14,1.2225
2010-06-15,1.2337
2010-06-16,1.2303
2010-06-17,1.2385
2010-06-18,1.2384
2010-06-21,1.2304
2010-06-22,1.2271
2010-06-23,1.2321
2010-06-24,1.2329
2010-06-25,1.2378
2010-06-28,1.2279
2010-06-29,1.2188
2010-06-30,1.2229
2010-07-01,1.2522
2010-07-02,1.2547
2010-07-05,1.2533
2010-07-06,1.2614
2010-07-07,1.2634
2010-07-08,1.2693
2010-07-09,1.2639
2010-07-12,1.2589
2010-07-13,1.2717
2010-07-14,1.2737
2010-07-15,1.2914
2010-07-16,1.2925
2010-07-19,1.2945
2010-07-20,1.2889
2010-07-21,1.2766
2010-07-22,1.2889
2010-07-23,1.2909
2010-07-26,1.2995
2010-07-27,1.3002
2010-07-28,1.2979
2010-07-29,1.3085
2010-07-30,1.3054
2010-08-02,1.3167
2010-08-03,1.3229
2010-08-04,1.316
2010-08-05,1.3178
2010-08-06,1.3288
2010-08-09,1.3223
2010-08-10,1.3191
2010-08-11,1.2884
2010-08-12,1.2828
2010-08-13,1.2753
2010-08-16,1.2816
2010-08-17,1.288
2010-08-18,1.286
2010-08-19,1.2819
2010-08-20,1.2708
2010-08-23,1.2665
2010-08-24,1.2674
2010-08-25,1.2653
2010-08-26,1.2735
2010-08-27,1.2738
2010-08-30,1.2662
2010-08-31,1.2684
2010-09-01,1.2802
2010-09-02,1.2815
2010-09-03,1.2891
2010-09-06,1.2872
2010-09-07,1.2698
2010-09-08,1.2712
2010-09-09,1.2703
2010-09-10,1.2707
2010-09-13,1.2872
2010-09-14,1.3011
2010-09-15,1.3012
2010-09-16,1.3083
2010-09-17,1.3042
2010-09-20,1.3064
2010-09-21,1.3242
2010-09-22,1.3393
2010-09-23,1.3314
2010-09-24,1.3484
2010-09-27,1.3472
2010-09-28,1.3583
2010-09-29,1.3627
2010-09-30,1.3632
2010-10-01,1.3778
2010-10-04,1.3683
2010-10-05,1.383
2010-10-06,1.3935
2010-10-07,1.3917
2010-10-08,1.3922
2010-10-11,1.3875
2010-10-12,1.3914
2010-10-13,1.3962
2010-10-14,1.4076
2010-10-15,1.3969
2010-10-18,1.3986
2010-10-19,1.3728
2010-10-20,1.3956
2010-10-21,1.3923
2010-10-22,1.3934
2010-10-25,1.3979
2010-10-26,1.3848
2010-10-27,1.3764
2010-10-28,1.3931
2010-10-29,1.3908
2010-11-01,1.3879
2010-11-02,1.4027
2010-11-03,1.4132
2010-11-04,1.4206
2010-11-05,1.4035
2010-11-08,1.3918
2010-11-09,1.3775
2010-11-10,1.378
2010-11-11,1.3658
2010-11-12,1.3699
2010-11-15,1.3564
2010-11-16,1.3488
2010-11-17,1.3518
2010-11-18,1.363
2010-11-19,1.3685
2010-11-22,1.3624
2010-11-23,1.3375
2010-11-24,1.3324
2010-11-25,1.3376
2010-11-26,1.3236
2010-11-29,1.3123
2010-11-30,1.2998
2010-12-01,1.3135
2010-12-02,1.3223
2010-12-03,1.3408
2010-12-06,1.3323
2010-12-07,1.3274
2010-12-08,1.3258
2010-12-09,1.3239
2010-12-10,1.3226
2010-12-13,1.3389
2010-12-14,1.3384
2010-12-15,1.3221
2010-12-16,1.3224
2010-12-17,1.3181
2010-12-20,1.312
2010-12-21,1.3092
2010-12-22,1.3092
2010-12-23,1.3115
2010-12-24,1.3115
2010-12-27,1.3156
2010-12-28,1.3114
2010-12-29,1.3231
2010-12-30,1.3279
2010-12-31,1.3366
2011-01-03,1.3351
2011-01-04,1.3298
2011-01-05,1.3149
2011-01-06,1.3014
2011-01-07,1.2924
2011-01-10,1.295
2011-01-11,1.2977
2011-01-12,1.313
2011-01-13,1.3349
2011-01-14,1.3368
2011-01-17,1.3294
2011-01-18,1.3382
2011-01-19,1.3465
2011-01-20,1.347
2011-01-21,1.3615
2011-01-24,1.3641
2011-01-25,1.3683
2011-01-26,1.369
2011-01-27,1.3737
2011-01-28,1.3606
2011-01-31,1.3693
2011-02-01,1.3831
2011-02-02,1.3807
2011-02-03,1.3632
2011-02-04,1.3588
2011-02-07,1.3586
2011-02-08,1.3635
2011-02-09,1.3721
2011-02-10,1.3595
2011-02-11,1.355
2011-02-14,1.3483
2011-02-15,1.3483
2011-02-16,1.3561
2011-02-17,1.3604
2011-02-18,1.3686
2011-02-21,1.3675
2011-02-22,1.3655
2011-02-23,1.3749
2011-02-24,1.3799
2011-02-25,1.3744
2011-02-28,1.3801
2011-03-01,1.3771
2011-03-02,1.3866
2011-03-03,1.396
2011-03-04,1.3983
2011-03-07,1.3973
2011-03-08,1.39
2011-03-09,1.3902
2011-03-10,1.3784
2011-03-11,1.3903
2011-03-14,1.3997
2011-03-15,1.3993
2011-03-16,1.3897
2011-03-17,1.4017
2011-03-18,1.4165
2011-03-21,1.422
2011-03-22,1.4202
2011-03-23,1.4126
2011-03-24,1.4168
2011-03-25,1.4068
2011-03-28,1.4091
2011-03-29,1.4095
2011-03-30,1.4132
2011-03-31,1.4197
2011-04-01,1.4224
2011-04-04,1.4216
2011-04-05,1.4222
2011-04-06,1.4334
2011-04-07,1.4307
2011-04-08,1.4439
2011-04-11,1.4433
2011-04-12,1.4478
2011-04-13,1.4445
2011-04-14,1.4491
2011-04-15,1.4421
2011-04-18,1.4236
2011-04-19,1.4338
2011-04-20,1.451
2011-04-21,1.4543
2011-04-22,1.4547
2011-04-25,1.458
2011-04-26,1.464
2011-04-27,1.4789
2011-04-28,1.4822
2011-04-29,1.4826
2011-05-02,1.4825
2011-05-03,1.4824
2011-05-04,1.483
2011-05-05,1.4529
2011-05-06,1.4346
2011-05-09,1.435
2011-05-10,1.4402
2011-05-11,1.4195
2011-05-12,1.424
2011-05-13,1.4106
2011-05-16,1.4184
2011-05-17,1.4227
2011-05-18,1.4233
2011-05-19,1.4308
2011-05-20,1.4176
2011-05-23,1.4049
2011-05-24,1.4113
2011-05-25,1.4093
2011-05-26,1.4132
2011-05-27,1.4292
2011-05-30,1.4278
2011-05-31,1.4386
2011-06-01,1.4345
2011-06-02,1.4484
2011-06-03,1.4625
2011-06-06,1.4568
2011-06-07,1.4685
2011-06-08,1.4573
2011-06-09,1.4517
2011-06-10,1.4337
2011-06-13,1.4411
2011-06-14,1.4449
2011-06-15,1.4173
2011-06-16,1.4176
2011-06-17,1.4289
2011-06-20,1.43
2011-06-21,1.4406
2011-06-22,1.4355
2011-06-23,1.4237
2011-06-24,1.417
2011-06-27,1.428
2011-06-28,1.4354
2011-06-29,1.4428
2011-06-30,1.4514
2011-07-01,1.4521
2011-07-04,1.4529
2011-07-05,1.4421
2011-07-06,1.43
2011-07-07,1.4351
2011-07-08,1.4249
2011-07-11,1.4017
2011-07-12,1.3968
2011-07-13,1.4139
2011-07-14,1.4131
2011-07-15,1.4145
2011-07-18,1.4102
2011-07-19,1.4134
2011-07-20,1.4227
2011-07-21,1.4375
2011-07-22,1.4361
2011-07-25,1.4373
2011-07-26,1.451
2011-07-27,1.4366
2011-07-28,1.4306
2011-07-29,1.4379
2011-08-01,1.4265
2011-08-02,1.4216
2011-08-03,1.432
2011-08-04,1.4132
2011-08-05,1.4274
2011-08-08,1.4206
2011-08-09,1.4339
2011-08-10,1.4189
2011-08-11,1.424
2011-08-12,1.4248
2011-08-15,1.4442
2011-08-16,1.4411
2011-08-17,1.4439
2011-08-18,1.4325
2011-08-19,1.4393
2011-08-22,1.4369
2011-08-23,1.4437
2011-08-24,1.4421
2011-08-25,1.4383
2011-08-26,1.4496
2011-08-29,1.4512
2011-08-30,1.4462
2011-08-31,1.4379
2011-09-01,1.427
2011-09-02,1.4192
2011-09-05,1.4092
2011-09-06,1.3996
2011-09-07,1.409
2011-09-08,1.3892
2011-09-09,1.3663
2011-09-12,1.3616
2011-09-13,1.3695
2011-09-14,1.3768
2011-09-15,1.3878
2011-09-16,1.3791
2011-09-19,1.3698
2011-09-20,1.3665
2011-09-21,1.3607
2011-09-22,1.3462
2011-09-23,1.3502
2011-09-26,1.3495
2011-09-27,1.3596
2011-09-28,1.355
2011-09-29,1.3585
2011-09-30,1.3395
2011-10-03,1.3224
2011-10-04,1.3343
2011-10-05,1.3342
2011-10-06,1.3443
2011-10-07,1.3395
2011-10-10,1.3637
2011-10-11,1.3674
2011-10-12,1.3803
2011-10-13,1.379
2011-10-14,1.3875
2011-10-17,1.3748
2011-10-18,1.3788
2011-10-19,1.375
2011-10-20,1.3784
2011-10-21,1.3869
2011-10-24,1.3925
2011-10-25,1.391
2011-10-26,1.3902
2011-10-27,1.4179
2011-10-28,1.4165
2011-10-31,1.384
2011-11-01,1.3678
2011-11-02,1.3745
2011-11-03,1.3831
2011-11-04,1.3769
2011-11-07,1.377
2011-11-08,1.3837
2011-11-09,1.3546
2011-11-10,1.3595
2011-11-11,1.3746
2011-11-14,1.3637
2011-11-15,1.3541
2011-11-16,1.3484
2011-11-17,1.3463
2011-11-18,1.3517
2011-11-21,1.3505
2011-11-22,1.351
2011-11-23,1.3356
2011-11-24,1.3338
2011-11-25,1.3233
2011-11-28,1.3294
2011-11-29,1.3327
2011-11-30,1.344
2011-12-01,1.3456
2011-12-02,1.3402
2011-12-05,1.3392
2011-12-06,1.3401
2011-12-07,1.3413
2011-12-08,1.3331
2011-12-09,1.337
2011-12-12,1.3185
2011-12-13,1.3027
2011-12-14,1.2984
2011-12-15,1.3016
2011-12-16,1.3034
2011-12-19,1.2996
2011-12-20,1.3076
2011-12-21,1.3043
2011-12-22,1.3051
2011-12-23,1.3038
2011-12-26,1.3059
2011-12-27,1.3066
2011-12-28,1.2938
2011-12-29,1.2961
2011-12-30,1.2941
2012-01-02,1.2922
2012-01-03,1.305
2012-01-04,1.2947
2012-01-05,1.2779
2012-01-06,1.2721
2012-01-09,1.2769
2012-01-10,1.2774
2012-01-11,1.2705
2012-01-12,1.2825
2012-01-13,1.2684
2012-01-16,1.2675
2012-01-17,1.2723
2012-01-18,1.2849
2012-01-19,1.2957
2012-01-20,1.2928
2012-01-23,1.3033
2012-01-24,1.3023
2012-01-25,1.311
2012-01-26,1.3105
2012-01-27,1.3215
2012-01-30,1.3117
2012-01-31,1.3083
2012-02-01,1.3153
2012-02-02,1.3147
2012-02-03,1.3146
2012-02-06,1.3131
2012-02-07,1.3244
2012-02-08,1.326
2012-02-09,1.3284
2012-02-10,1.3166
2012-02-13,1.3191
2012-02-14,1.3115
2012-02-15,1.3074
2012-02-16,1.3153
2012-02-17,1.3157
2012-02-20,1.3241
2012-02-21,1.3236
2012-02-22,1.3245
2012-02-23,1.3365
2012-02-24,1.3463
2012-02-27,1.34
2012-02-28,1.3461
2012-02-29,1.3322
2012-03-01,1.3306
2012-03-02,1.3207
2012-03-05,1.3221
2012-03-06,1.3112
2012-03-07,1.3148
2012-03-08,1.3266
2012-03-09,1.3114
2012-03-12,1.315
2012-03-13,1.3071
2012-03-14,1.302
2012-03-15,1.3094
2012-03-16,1.3168
2012-03-19,1.3236
2012-03-20,1.3217
2012-03-21,1.3207
2012-03-22,1.3187
2012-03-23,1.3262
2012-03-26,1.3361
2012-03-27,1.3329
2012-03-28,1.3321
2012-03-29,1.3293
2012-03-30,1.3336
2012-04-02,1.3328
2012-04-03,1.3229
2012-04-04,1.3139
2012-04-05,1.3064
2012-04-06,1.3088
2012-04-09,1.3117
2012-04-10,1.3076
2012-04-11,1.3102
2012-04-12,1.3187
2012-04-13,1.3072
2012-04-16,1.3138
2012-04-17,1.313
2012-04-18,1.3114
2012-04-19,1.3134
2012-04-20,1.3215
2012-04-23,1.3154
2012-04-24,1.3182
2012-04-25,1.3214
2012-04-26,1.324
2012-04-27,1.3247
2012-04-30,1.3236
2012-05-01,1.3235
2012-05-02,1.3156
2012-05-03,1.315
2012-05-04,1.3089
2012-05-07,1.3058
2012-05-08,1.3016
2012-05-09,1.2942
2012-05-10,1.2946
2012-05-11,1.2922
2012-05-14,1.2839
2012-05-15,1.2728
2012-05-16,1.2723
2012-05-17,1.27
2012-05-18,1.2773
2012-05-21,1.2816
2012-05-22,1.2676
2012-05-23,1.2584
2012-05-24,1.2533
2012-05-25,1.2518
2012-05-28,1.2543
2012-05-29,1.2493
2012-05-30,1.2373
2012-05-31,1.2375
2012-06-01,1.2408
2012-06-04,1.2496
2012-06-05,1.2446
2012-06-06,1.2572
2012-06-07,1.2582
2012-06-08,1.2501
2012-06-11,1.2483
2012-06-12,1.2499
2012-06-13,1.2571
2012-06-14,1.2614
2012-06-15,1.2645
2012-06-18,1.2577
2012-06-19,1.2691
2012-06-20,1.267
2012-06-21,1.2545
2012-06-22,1.2565
2012-06-25,1.25
2012-06-26,1.2499
2012-06-27,1.2469
2012-06-28,1.2445
2012-06-29,1.2654
2012-07-02,1.2583
2012-07-03,1.2607
2012-07-04,1.2533
2012-07-05,1.2389
2012-07-06,1.2275
2012-07-09,1.231
2012-07-10,1.2252
2012-07-11,1.2233
2012-07-12,1.221
2012-07-13,1.224
2012-07-16,1.2279
2012-07-17,1.2281
2012-07-18,1.2276
2012-07-19,1.2271
2012-07-20,1.2164
2012-07-23,1.2134
2012-07-24,1.2064
2012-07-25,1.2152
2012-07-26,1.2282
2012-07-27,1.2317
2012-07-30,1.2253
2012-07-31,1.2308
2012-08-01,1.2239
2012-08-02,1.2176
2012-08-03,1.2379
2012-08-06,1.2412
2012-08-07,1.2405
2012-08-08,1.2358
2012-08-09,1.2292
2012-08-10,1.2293
2012-08-13,1.2332
2012-08-14,1.2324
2012-08-15,1.2287
2012-08-16,1.2362
2012-08-17,1.2318
2012-08-20,1.2344
2012-08-21,1.2465
2012-08-22,1.2518
2012-08-23,1.2561
2012-08-24,1.2516
2012-08-27,1.2496
2012-08-28,1.2563
2012-08-29,1.2528
2012-08-30,1.2515
2012-08-31,1.2578
2012-09-03,1.2593
2012-09-04,1.257
2012-09-05,1.2598
2012-09-06,1.2639
2012-09-07,1.2798
2012-09-10,1.2761
2012-09-11,1.2855
2012-09-12,1.2895
2012-09-13,1.2988
2012-09-14,1.3122
2012-09-17,1.3101
2012-09-18,1.3035
2012-09-19,1.3056
2012-09-20,1.2969
2012-09-21,1.2989
2012-09-24,1.2927
2012-09-25,1.2906
2012-09-26,1.2857
2012-09-27,1.2914
2012-09-28,1.2844
2012-10-01,1.288
2012-10-02,1.2919
2012-10-03,1.29
2012-10-04,1.3014
2012-10-05,1.3017
2012-10-08,1.2972
2012-10-09,1.2873
2012-10-10,1.2894
2012-10-11,1.293
2012-10-12,1.2956
2012-10-15,1.2951
2012-10-16,1.3045
2012-10-17,1.3123
2012-10-18,1.3068
2012-10-19,1.3021
2012-10-22,1.3049
2012-10-23,1.2977
2012-10-24,1.2964
2012-10-25,1.2945
2012-10-26,1.2934
2012-10-29,1.2898
2012-10-30,1.2962
2012-10-31,1.292
2012-11-01,1.2936
2012-11-02,1.2832
2012-11-05,1.2794
2012-11-06,1.281
2012-11-07,1.2765
2012-11-08,1.2745
2012-11-09,1.2711
2012-11-12,1.271
2012-11-13,1.2705
2012-11-14,1.2732
2012-11-15,1.2763
2012-11-16,1.2734
2012-11-19,1.2804
2012-11-20,1.2815
2012-11-21,1.2825
2012-11-22,1.2871
2012-11-23,1.2982
2012-11-26,1.297
2012-11-27,1.2932
2012-11-28,1.2934
2012-11-29,1.2973
2012-11-30,1.3006
2012-12-03,1.3051
2012-12-04,1.3098
2012-12-05,1.3079
2012-12-06,1.2965
2012-12-07,1.2927
2012-12-10,1.2935
2012-12-11,1.3002
2012-12-12,1.3064
2012-12-13,1.3073
2012-12-14,1.3154
2012-12-17,1.316
2012-12-18,1.3224
2012-12-19,1.3247
2012-12-20,1.3243
2012-12-21,1.3178
2012-12-24,1.3173
2012-12-25,1.3191
2012-12-26,1.3218
2012-12-27,1.3242
2012-12-28,1.3219
2012-12-31,1.3188
2013-01-01,1.3219
2013-01-02,1.3177
2013-01-03,1.305
2013-01-04,1.308
2013-01-07,1.3106
2013-01-08,1.3083
2013-01-09,1.3064
2013-01-10,1.3254
2013-01-11,1.3334
2013-01-14,1.3387
2013-01-15,1.3311
2013-01-16,1.3282
2013-01-17,1.3374
2013-01-18,1.3318
2013-01-21,1.3317
2013-01-22,1.3313
2013-01-23,1.3315
2013-01-24,1.3375
2013-01-25,1.3458
2013-01-28,1.3454
2013-01-29,1.3491
2013-01-30,1.3566
2013-01-31,1.3577
2013-02-01,1.3651
2013-02-04,1.3511
2013-02-05,1.3584
2013-02-06,1.3522
2013-02-07,1.3396
2013-02-08,1.3363
2013-02-11,1.3398
2013-02-12,1.3447
2013-02-13,1.345
2013-02-14,1.3354
2013-02-15,1.3362
2013-02-18,1.3349
2013-02-19,1.339
2013-02-20,1.3283
2013-02-21,1.3182
2013-02-22,1.3184
2013-02-25,1.3089
2013-02-26,1.3054
2013-02-27,1.3136
2013-02-28,1.3064
2013-03-01,1.3024
2013-03-04,1.3017
2013-03-05,1.3039
2013-03-06,1.2991
2013-03-07,1.3106
2013-03-08,1.2997
2013-03-11,1.3031
2013-03-12,1.3034
2013-03-13,1.296
2013-03-14,1.3005
2013-03-15,1.3059
2013-03-18,1.2934
2013-03-19,1.2888
2013-03-20,1.294
2013-03-21,1.2904
2013-03-22,1.2981
2013-03-25,1.2857
2013-03-26,1.2858
2013-03-27,1.277
2013-03-28,1.2817
2013-03-29,1.2813
2013-04-01,1.2845
2013-04-02,1.2814
2013-04-03,1.2846
2013-04-04,1.2933
2013-04-05,1.301
2013-04-08,1.2995
2013-04-09,1.3083
2013-04-10,1.3057
2013-04-11,1.3111
2013-04-12,1.3103
2013-04-15,1.304
2013-04-16,1.3184
2013-04-17,1.3022
2013-04-18,1.3053
2013-04-19,1.3053
2013-04-22,1.306
2013-04-23,1.2996
2013-04-24,1.3018
2013-04-25,1.3005
2013-04-26,1.303
2013-04-29,1.3093
2013-04-30,1.3167
2013-05-01,1.3175
2013-05-02,1.3063
2013-05-03,1.3114
2013-05-06,1.3075
2013-05-07,1.3073
2013-05-08,1.3154
2013-05-09,1.3033
2013-05-10,1.2985
2013-05-13,1.2968
2013-05-14,1.294
2013-05-15,1.288
2013-05-16,1.2874
2013-05-17,1.2829
2013-05-20,1.2887
2013-05-21,1.2909
2013-05-22,1.2852
2013-05-23,1.2931
2013-05-24,1.2934
2013-05-27,1.2929
2013-05-28,1.2871
2013-05-29,1.2936
2013-05-30,1.3047
2013-05-31,1.2997
2013-06-03,1.3074
2013-06-04,1.3082
2013-06-05,1.3094
2013-06-06,1.3243
2013-06-07,1.3216
2013-06-10,1.3257
2013-06-11,1.3305
2013-06-12,1.3332
2013-06-13,1.3366
2013-06-14,1.3348
2013-06-17,1.3376
2013-06-18,1.3401
2013-06-19,1.3277
2013-06-20,1.322
2013-06-21,1.3124
2013-06-24,1.313
2013-06-25,1.3097
2013-06-26,1.3012
2013-06-27,1.3043
2013-06-28,1.3015
2013-07-01,1.3063
2013-07-02,1.2978
2013-07-03,1.3006
2013-07-04,1.2918
2013-07-05,1.283
2013-07-08,1.2868
2013-07-09,1.2787
2013-07-10,1.3023
2013-07-11,1.3114
2013-07-12,1.3065
2013-07-15,1.3069
2013-07-16,1.316
2013-07-17,1.3119
2013-07-18,1.3105
2013-07-19,1.3142
2013-07-22,1.3186
2013-07-23,1.3221
2013-07-24,1.3196
2013-07-25,1.3291
2013-07-26,1.3281
2013-07-29,1.3265
2013-07-30,1.3262
2013-07-31,1.3301
2013-08-01,1.3206
2013-08-02,1.3281
2013-08-05,1.3258
2013-08-06,1.3309
2013-08-07,1.3339
2013-08-08,1.338
2013-08-09,1.3344
2013-08-12,1.3308
2013-08-13,1.3264
2013-08-14,1.3259
2013-08-15,1.3355
2013-08-16,1.3332
2013-08-19,1.334
2013-08-20,1.3419
2013-08-21,1.3365
2013-08-22,1.335
2013-08-23,1.3383
2013-08-26,1.3375
2013-08-27,1.3389
2013-08-28,1.3341
2013-08-29,1.3243
2013-08-30,1.3216
2013-09-02,1.3184
2013-09-03,1.3171
2013-09-04,1.3212
2013-09-05,1.3117
2013-09-06,1.3178
2013-09-09,1.3257
2013-09-10,1.3269
2013-09-11,1.3308
2013-09-12,1.33
2013-09-13,1.3303
2013-09-16,1.3336
2013-09-17,1.3354
2013-09-18,1.3529
2013-09-19,1.3529
2013-09-20,1.3522
2013-09-23,1.3497
2013-09-24,1.347
2013-09-25,1.3528
2013-09-26,1.348
2013-09-27,1.3521
2013-09-30,1.3519
2013-10-01,1.3534
2013-10-02,1.3587
2013-10-03,1.3617
2013-10-04,1.3554
2013-10-07,1.3574
2013-10-08,1.3575
2013-10-09,1.3518
2013-10-10,1.3527
2013-10-11,1.355
2013-10-14,1.3565
2013-10-15,1.3517
2013-10-16,1.3528
2013-10-17,1.3675
2013-10-18,1.3678
2013-10-21,1.3678
2013-10-22,1.3778
2013-10-23,1.3779
2013-10-24,1.3801
2013-10-25,1.3809
2013-10-28,1.3803
2013-10-29,1.3742
2013-10-30,1.3728
2013-10-31,1.3585
2013-11-01,1.3489
2013-11-04,1.3519
2013-11-05,1.3471
2013-11-06,1.3521
2013-11-07,1.342
2013-11-08,1.336
2013-11-11,1.3408
2013-11-12,1.3428
2013-11-13,1.3462
2013-11-14,1.346
2013-11-15,1.3493
2013-11-18,1.3497
2013-11-19,1.3535
2013-11-20,1.3426
2013-11-21,1.3465
2013-11-22,1.3548
2013-11-25,1.3519
2013-11-26,1.3569
2013-11-27,1.3571
2013-11-28,1.3601
2013-11-29,1.3587
2013-12-02,1.3537
2013-12-03,1.3591
2013-12-04,1.3585
2013-12-05,1.3671
2013-12-06,1.3702
2013-12-09,1.3738
2013-12-10,1.3765
2013-12-11,1.3788
2013-12-12,1.3745
2013-12-13,1.3732
2013-12-16,1.3764
2013-12-17,1.3767
2013-12-18,1.3696
2013-12-19,1.3655
2013-12-20,1.3677
2013-12-23,1.3693
2013-12-24,1.3675
2013-12-25,1.3695
2013-12-26,1.3692
2013-12-27,1.374
2013-12-30,1.3798
2013-12-31,1.3774
2014-01-01,1.3745
2014-01-02,1.3655
2014-01-03,1.3587
2014-01-06,1.3634
2014-01-07,1.3614
2014-01-08,1.3581
2014-01-09,1.3607
2014-01-10,1.3665
2014-01-13,1.3668
2014-01-14,1.3681
2014-01-15,1.3604
2014-01-16,1.3617
2014-01-17,1.3524
2014-01-20,1.3562
2014-01-21,1.3558
2014-01-22,1.3548
2014-01-23,1.3694
2014-01-24,1.368
2014-01-27,1.3672
2014-01-28,1.3666
2014-01-29,1.3661
2014-01-30,1.355
2014-01-31,1.3487
2014-02-03,1.3531
2014-02-04,1.3515
2014-02-05,1.3531
2014-02-06,1.3588
2014-02-07,1.3638
2014-02-10,1.3634
2014-02-11,1.3637
2014-02-12,1.3592
2014-02-13,1.368
2014-02-14,1.3697
2014-02-17,1.3708
2014-02-18,1.3757
2014-02-19,1.3733
2014-02-20,1.372
2014-02-21,1.374
2014-02-24,1.3734
2014-02-25,1.3742
2014-02-26,1.3685
2014-02-27,1.3707
2014-02-28,1.3806
2014-03-03,1.3729
2014-03-04,1.3738
2014-03-05,1.3732
2014-03-06,1.3859
2014-03-07,1.3869
2014-03-10,1.3869
2014-03-11,1.3864
2014-03-12,1.3906
2014-03-13,1.3859
2014-03-14,1.3908
2014-03-17,1.3923
2014-03-18,1.3934
2014-03-19,1.3829
2014-03-20,1.3775
2014-03-21,1.3796
2014-03-24,1.384
2014-03-25,1.3824
2014-03-26,1.3793
2014-03-27,1.3744
2014-03-28,1.375
2014-03-31,1.3781
2014-04-01,1.3793
2014-04-02,1.3762
2014-04-03,1.3715
2014-04-04,1.3705
2014-04-07,1.3743
2014-04-08,1.3794
2014-04-09,1.3851
2014-04-10,1.3887
2014-04-11,1.3882
2014-04-14,1.382
2014-04-15,1.3813
2014-04-16,1.3813
2014-04-17,1.3814
2014-04-18,1.3818
2014-04-21,1.3793
2014-04-22,1.3804
2014-04-23,1.3816
2014-04-24,1.3827
2014-04-25,1.3832
2014-04-28,1.3848
2014-04-29,1.3811
2014-04-30,1.387
2014-05-01,1.3865
2014-05-02,1.387
2014-05-05,1.3876
2014-05-06,1.3928
2014-05-07,1.3912
2014-05-08,1.3852
2014-05-09,1.3754
2014-05-12,1.3757
2014-05-13,1.3701
2014-05-14,1.371
2014-05-15,1.371
2014-05-16,1.37
2014-05-19,1.3709
2014-05-20,1.3698
2014-05-21,1.3685
2014-05-22,1.3654
2014-05-23,1.363
2014-05-26,1.3645
2014-05-27,1.3636
2014-05-28,1.3594
2014-05-29,1.3602
2014-05-30,1.3631
2014-06-02,1.3597
2014-06-03,1.3625
2014-06-04,1.3599
2014-06-05,1.3653
2014-06-06,1.3644
2014-06-09,1.3587
2014-06-10,1.3545
2014-06-11,1.3529
2014-06-12,1.3564
2014-06-13,1.3538
2014-06-16,1.357
2014-06-17,1.3543
2014-06-18,1.358
2014-06-19,1.3602
2014-06-20,1.3595
2014-06-23,1.3603
2014-06-24,1.3601
2014-06-25,1.363
2014-06-26,1.3607
2014-06-27,1.3646
2014-06-30,1.3693
2014-07-01,1.3677
2014-07-02,1.3655
2014-07-03,1.3603
2014-07-04,1.3594
2014-07-07,1.3607
2014-07-08,1.3612
2014-07-09,1.3644
2014-07-10,1.3603
2014-07-11,1.3608
2014-07-14,1.3619
2014-07-15,1.3567
2014-07-16,1.3523
2014-07-17,1.3528
2014-07-18,1.3526
2014-07-21,1.3521
2014-07-22,1.3468
2014-07-23,1.346
2014-07-24,1.3463
2014-07-25,1.3432
2014-07-28,1.3433
2014-07-29,1.341
2014-07-30,1.3393
2014-07-31,1.3388
2014-08-01,1.3423
2014-08-04,1.342
2014-08-05,1.3375
2014-08-06,1.3379
2014-08-07,1.3364
2014-08-08,1.3412
2014-08-11,1.3384
2014-08-12,1.3367
2014-08-13,1.3368
2014-08-14,1.3369
2014-08-15,1.3392
2014-08-18,1.3361
2014-08-19,1.3321
2014-08-20,1.3263
2014-08-21,1.328
2014-08-22,1.3244
2014-08-25,1.3194
2014-08-26,1.3176
2014-08-27,1.3197
2014-08-28,1.3184
2014-08-29,1.3139
2014-09-01,1.3136
2014-09-02,1.3133
2014-09-03,1.3145
2014-09-04,1.2945
2014-09-05,1.2952
2014-09-08,1.2899
2014-09-09,1.2943
2014-09-10,1.2908
2014-09-11,1.2917
2014-09-12,1.2949
2014-09-15,1.2939
2014-09-16,1.2962
2014-09-17,1.2879
2014-09-18,1.2918
2014-09-19,1.2836
2014-09-22,1.2844
2014-09-23,1.2857
2014-09-24,1.2786
2014-09-25,1.2749
2014-09-26,1.2681
2014-09-29,1.269
2014-09-30,1.2629
2014-10-01,1.2615
2014-10-02,1.2669
2014-10-03,1.251
2014-10-06,1.2645
2014-10-07,1.2678
2014-10-08,1.2721
2014-10-09,1.2681
2014-10-10,1.2613
2014-10-13,1.2693
2014-10-14,1.2657
2014-10-15,1.2802
2014-10-16,1.2796
2014-10-17,1.2761
2014-10-20,1.2808
2014-10-21,1.2722
2014-10-22,1.2642
2014-10-23,1.265
2014-10-24,1.2668
2014-10-27,1.2706
2014-10-28,1.2736
2014-10-29,1.2644
2014-10-30,1.2613
2014-10-31,1.253
2014-11-03,1.2489
2014-11-04,1.2549
2014-11-05,1.248
2014-11-06,1.2378
2014-11-07,1.2453
2014-11-10,1.242
2014-11-11,1.2479
2014-11-12,1.2431
2014-11-13,1.2482
2014-11-14,1.2525
2014-11-17,1.2452
2014-11-18,1.2534
2014-11-19,1.2538
2014-11-20,1.2545
2014-11-21,1.2387
2014-11-24,1.2439
2014-11-25,1.2477
2014-11-26,1.2508
2014-11-27,1.2474
2014-11-28,1.2441
2014-12-01,1.2475
2014-12-02,1.2379
2014-12-03,1.2313
2014-12-04,1.2378
2014-12-05,1.2289
2014-12-08,1.2318
2014-12-09,1.2367
2014-12-10,1.2443
2014-12-11,1.2385
2014-12-12,1.2458
2014-12-15,1.2441
2014-12-16,1.25
2014-12-17,1.2343
2014-12-18,1.2283
2014-12-19,1.2225
2014-12-22,1.2218
2014-12-23,1.2175
2014-12-24,1.2193
2014-12-25,1.2239
2014-12-26,1.2178
2014-12-29,1.2153
2014-12-30,1.2153
2014-12-31,1.2098
2015-01-01,1.2097
2015-01-02,1.2004
2015-01-05,1.1938
2015-01-06,1.1899
2015-01-07,1.1832
2015-01-08,1.1789
2015-01-09,1.1842
2015-01-12,1.184
2015-01-13,1.1771
2015-01-14,1.1789
2015-01-15,1.1616
2015-01-16,1.1567
2015-01-19,1.1604
2015-01-20,1.1549
2015-01-21,1.1596
2015-01-22,1.1339
2015-01-23,1.1221
2015-01-26,1.1265
2015-01-27,1.1368
2015-01-28,1.1291
2015-01-29,1.1316
2015-01-30,1.1303
2015-02-02,1.134
2015-02-03,1.1484
2015-02-04,1.1397
2015-02-05,1.1476
2015-02-06,1.1322
2015-02-09,1.132
2015-02-10,1.1318
2015-02-11,1.1302
2015-02-12,1.141
2015-02-13,1.1398
2015-02-16,1.1404
2015-02-17,1.14162
2015-02-18,1.14009
2015-02-19,1.13619
2015-02-20,1.1375
2015-02-23,1.13325
2015-02-24,1.13411
2015-02-25,1.13611
2015-02-26,1.11959
2015-02-27,1.11868
2015-03-02,1.1182
2015-03-03,1.11763
2015-03-04,1.1074
2015-03-05,1.10268
2015-03-06,1.08496
2015-03-09,1.08616
2015-03-10,1.0697
2015-03-11,1.05407
2015-03-12,1.06078
2015-03-13,1.04763
2015-03-16,1.0577
2015-03-17,1.05915
2015-03-18,1.08876
2015-03-19,1.0638
2015-03-20,1.0804
2015-03-23,1.09623
2015-03-24,1.09241
2015-03-25,1.0962
2015-03-26,1.08894
2015-03-27,1.08962
2015-03-30,1.08124
2015-03-31,1.07468
2015-04-01,1.07589
2015-04-02,1.0883
2015-04-03,1.0995
2015-04-06,1.09224
2015-04-07,1.0822
2015-04-08,1.07867
2015-04-09,1.06476
2015-04-10,1.06013
2015-04-13,1.05751
2015-04-14,1.06524
2015-04-15,1.06771
2015-04-16,1.07745
2015-04-17,1.082
2015-04-20,1.07358
2015-04-21,1.0734
2015-04-22,1.0728
2015-04-23,1.0826
2015-04-24,1.0862
2015-04-27,1.08805
2015-04-28,1.0968
2015-04-29,1.1108
2015-04-30,1.123
2015-05-01,1.1211
2015-05-04,1.11466
2015-05-05,1.11948
2015-05-06,1.1346
2015-05-07,1.1266
2015-05-08,1.12065
2015-05-11,1.11568
2015-05-12,1.1216
2015-05-13,1.13477
2015-05-14,1.1402
2015-05-15,1.14459
2015-05-18,1.13094
2015-05-19,1.11537
2015-05-20,1.1108
2015-05-21,1.11221
2015-05-22,1.10121
2015-05-25,1.0978
2015-05-26,1.0875
2015-05-27,1.0902
2015-05-28,1.09398
2015-05-29,1.09813
2015-06-01,1.09259
2015-06-02,1.11518
2015-06-03,1.12683
2015-06-04,1.1243
2015-06-05,1.111
2015-06-08,1.12822
2015-06-09,1.1278
2015-06-10,1.132
2015-06-11,1.12595
2015-06-12,1.1252
2015-06-15,1.1285
2015-06-16,1.1247
2015-06-17,1.1335
2015-06-18,1.1372
2015-06-19,1.13434
2015-06-22,1.1322
2015-06-23,1.1162
2015-06-24,1.1203
2015-06-25,1.12
2015-06-26,1.1169
2015-06-29,1.1229
2015-06-30,1.1144
2015-07-01,1.1048
2015-07-02,1.10873
2015-07-03,1.1067
2015-07-06,1.1049
2015-07-07,1.1024
2015-07-08,1.10683
2015-07-09,1.1025
2015-07-10,1.11451
2015-07-13,1.1011
2015-07-14,1.1003
2015-07-15,1.0942
2015-07-16,1.0875
2015-07-17,1.0849
2015-07-20,1.0824
2015-07-21,1.0935
2015-07-22,1.09138
2015-07-23,1.0998
2015-07-24,1.0978
2015-07-27,1.1094
2015-07-28,1.1055
2015-07-29,1.0981
2015-07-30,1.0927
2015-07-31,1.0986
2015-08-03,1.0947
2015-08-04,1.0888
2015-08-05,1.0902
2015-08-06,1.09316
2015-08-07,1.0963
2015-08-10,1.1014
2015-08-11,1.1034
2015-08-12,1.1165
2015-08-13,1.1146
2015-08-14,1.1104
2015-08-17,1.10809
2015-08-18,1.1033
2015-08-19,1.1127
2015-08-20,1.12022
2015-08-21,1.136
2015-08-24,1.158
2015-08-25,1.1467
2015-08-26,1.13232
2015-08-27,1.12626
2015-08-28,1.11831
2015-08-31,1.1229
2015-09-01,1.1298
2015-09-02,1.1222
2015-09-03,1.1123
2015-09-04,1.1138
2015-09-07,1.1169
2015-09-08,1.1205
2015-09-09,1.1202
2015-09-10,1.1283
2015-09-11,1.1336
2015-09-14,1.13132
2015-09-15,1.1267
2015-09-16,1.1278
2015-09-17,1.142
2015-09-18,1.1301
2015-09-21,1.1194
2015-09-22,1.113
2015-09-23,1.1182
2015-09-24,1.1225
2015-09-25,1.11968
2015-09-28,1.1234
2015-09-29,1.12619
2015-09-30,1.1165
2015-10-01,1.11844
2015-10-02,1.12038
2015-10-05,1.1184
2015-10-06,1.12685
2015-10-07,1.1247
2015-10-08,1.1274
2015-10-09,1.13551
2015-10-12,1.13654
2015-10-13,1.13862
2015-10-14,1.1485
2015-10-15,1.13771
2015-10-16,1.13564
2015-10-19,1.13229
2015-10-20,1.13448
2015-10-21,1.134
2015-10-22,1.11169
2015-10-23,1.0998
2015-10-26,1.105
2015-10-27,1.10384
2015-10-28,1.09182
2015-10-29,1.09806
2015-10-30,1.0996
2015-11-02,1.1008
2015-11-03,1.0965
2015-11-04,1.0862
2015-11-05,1.0881
2015-11-06,1.0741
2015-11-09,1.0758
2015-11-10,1.07134
2015-11-11,1.074
2015-11-12,1.0811
2015-11-13,1.07436
2015-11-16,1.06823
2015-11-17,1.0648
2015-11-18,1.06542
2015-11-19,1.0733
2015-11-20,1.0647
2015-11-23,1.06271
2015-11-24,1.0646
2015-11-25,1.06181
2015-11-26,1.0606
2015-11-27,1.05955
2015-11-30,1.05697
2015-12-01,1.0632
2015-12-02,1.062
2015-12-03,1.09557
2015-12-04,1.08699
2015-12-07,1.0847
2015-12-08,1.0888
2015-12-09,1.10291
2015-12-10,1.0937
2015-12-11,1.0991
2015-12-14,1.0996
2015-12-15,1.09137
2015-12-16,1.09165
2015-12-17,1.0804
2015-12-18,1.08661
2015-12-21,1.09248
2015-12-22,1.0954
2015-12-23,1.0922
2015-12-24,1.0952
2015-12-25,1.0963
2015-12-28,1.0972
2015-12-29,1.09324
2015-12-30,1.0931
2015-12-31,1.0864
2016-01-01,1.0864
2016-01-04,1.08311
2016-01-05,1.0744
2016-01-06,1.0786
2016-01-07,1.09258
2016-01-08,1.09172
2016-01-11,1.086
2016-01-12,1.08461
2016-01-13,1.0872
2016-01-14,1.0857
2016-01-15,1.0913
2016-01-18,1.0889
2016-01-19,1.09134
2016-01-20,1.08801
2016-01-21,1.0883
2016-01-22,1.0793
2016-01-25,1.0852
2016-01-26,1.08553
2016-01-27,1.08969
2016-01-28,1.09502
2016-01-29,1.0831
2016-02-01,1.08929
2016-02-02,1.09177
2016-02-03,1.1105
2016-02-04,1.12
2016-02-05,1.11452
2016-02-08,1.12042
2016-02-09,1.1287
2016-02-10,1.1291
2016-02-11,1.1331
2016-02-12,1.12542
2016-02-15,1.11446
2016-02-16,1.11415
2016-02-17,1.11437
2016-02-18,1.11023
2016-02-19,1.1126
2016-02-22,1.10297
2016-02-23,1.10169
2016-02-24,1.10092
2016-02-25,1.1036
2016-02-26,1.0938
2016-02-29,1.08858
2016-03-01,1.08709
2016-03-02,1.0866
2016-03-03,1.0964
2016-03-04,1.09938
2016-03-07,1.1009
2016-03-08,1.10069
2016-03-09,1.10064
2016-03-10,1.11849
2016-03-11,1.11529
2016-03-14,1.1097
2016-03-15,1.111
2016-03-16,1.12248
2016-03-17,1.1316
2016-03-18,1.12681
2016-03-21,1.12494
2016-03-22,1.1219
2016-03-23,1.1181
2016-03-24,1.11753
2016-03-25,1.1162
2016-03-28,1.11999
2016-03-29,1.1302
2016-03-30,1.13369
2016-03-31,1.13845
2016-04-01,1.1394
2016-04-04,1.1396
2016-04-05,1.1381
2016-04-06,1.1405
2016-04-07,1.13724
2016-04-08,1.13996
2016-04-11,1.14057
2016-04-12,1.1393
2016-04-13,1.12864
2016-04-14,1.1262
2016-04-15,1.1285
2016-04-18,1.13142
2016-04-19,1.1368
2016-04-20,1.1298
2016-04-21,1.1293
2016-04-22,1.1229
2016-04-25,1.12626
2016-04-26,1.12817
2016-04-27,1.13125
2016-04-28,1.1352
2016-04-29,1.14465
2016-05-02,1.15182
2016-05-03,1.15055
2016-05-04,1.1493
2016-05-05,1.1401
2016-05-06,1.14018
2016-05-09,1.13847
2016-05-10,1.13691
2016-05-11,1.14234
2016-05-12,1.1371
2016-05-13,1.13188
2016-05-16,1.13195
2016-05-17,1.1319
2016-05-18,1.12195
2016-05-19,1.1202
2016-05-20,1.1214
2016-05-23,1.12146
2016-05-24,1.11403
2016-05-25,1.11604
2016-05-26,1.11901
2016-05-27,1.1113
2016-05-30,1.1134
2016-05-31,1.11338
2016-06-01,1.11923
2016-06-02,1.1147
2016-06-03,1.13518
2016-06-06,1.13656
2016-06-07,1.1359
2016-06-08,1.13943
2016-06-09,1.1329
2016-06-10,1.1261
2016-06-13,1.1289
2016-06-14,1.1207
2016-06-15,1.1265
2016-06-16,1.123
2016-06-17,1.12802
2016-06-20,1.1306
2016-06-21,1.1249
2016-06-22,1.1304
2016-06-23,1.13449
2016-06-24,1.11219
2016-06-27,1.10132
2016-06-28,1.1057
2016-06-29,1.1107
2016-06-30,1.1087
2016-07-01,1.1131
2016-07-04,1.1142
2016-07-05,1.1068
2016-07-06,1.11048
2016-07-07,1.1054
2016-07-08,1.10553
2016-07-11,1.10617
2016-07-12,1.10639
2016-07-13,1.1097
2016-07-14,1.11221
2016-07-15,1.10698
2016-07-18,1.10716
2016-07-19,1.10175
2016-07-20,1.10173
2016-07-21,1.10184
2016-07-22,1.09726
2016-07-25,1.09903
2016-07-26,1.09904
2016-07-27,1.10483
2016-07-28,1.10726
2016-07-29,1.11836
2016-08-01,1.11614
2016-08-02,1.12245
2016-08-03,1.1147
2016-08-04,1.11279
2016-08-05,1.10874
2016-08-08,1.10826
2016-08-09,1.11111
2016-08-10,1.11741
2016-08-11,1.11439
2016-08-12,1.11594
2016-08-15,1.1184
2016-08-16,1.12753
2016-08-17,1.12814
2016-08-18,1.13541
2016-08-19,1.13276
2016-08-22,1.1323
2016-08-23,1.1307
2016-08-24,1.12634
2016-08-25,1.12822
2016-08-26,1.11985
2016-08-29,1.11867
2016-08-30,1.11403
2016-08-31,1.11588
2016-09-01,1.11972
2016-09-02,1.11602
2016-09-05,1.11467
2016-09-06,1.1257
2016-09-07,1.1244
2016-09-08,1.1254
2016-09-09,1.12268
2016-09-12,1.1234
2016-09-13,1.12125
2016-09-14,1.12471
2016-09-15,1.12426
2016-09-16,1.11532
2016-09-19,1.11791
2016-09-20,1.11565
2016-09-21,1.11827
2016-09-22,1.1202
2016-09-23,1.12321
2016-09-26,1.12572
2016-09-27,1.12183
2016-09-28,1.12113
2016-09-29,1.12172
2016-09-30,1.12332
2016-10-03,1.12146
2016-10-04,1.11976
2016-10-05,1.12112
2016-10-06,1.1144
2016-10-07,1.1191
2016-10-10,1.1133
2016-10-11,1.1054
2016-10-12,1.1014
2016-10-13,1.1049
2016-10-14,1.0981
2016-10-17,1.10001
2016-10-18,1.09804
2016-10-19,1.09687
2016-10-20,1.09266
2016-10-21,1.08724
2016-10-24,1.08743
2016-10-25,1.08881
2016-10-26,1.09064
2016-10-27,1.09015
2016-10-28,1.0976
2016-10-31,1.09763
2016-11-01,1.10579
2016-11-02,1.1088
2016-11-03,1.11097
2016-11-04,1.11222
2016-11-07,1.10461
2016-11-08,1.10234
2016-11-09,1.09225
2016-11-10,1.08913
2016-11-11,1.08434
2016-11-14,1.0739
2016-11-15,1.07187
2016-11-16,1.0681
2016-11-17,1.06223
2016-11-18,1.05934
2016-11-21,1.06182
2016-11-22,1.06252
2016-11-23,1.05546
2016-11-24,1.05691
2016-11-25,1.05922
2016-11-28,1.0596
2016-11-29,1.06418
2016-11-30,1.05986
2016-12-01,1.06482
2016-12-02,1.06639
2016-12-05,1.07604
2016-12-06,1.07151
2016-12-07,1.0764
2016-12-08,1.06181
2016-12-09,1.0551
2016-12-12,1.06336
2016-12-13,1.0622
2016-12-14,1.05213
2016-12-15,1.0415
2016-12-16,1.0434
2016-12-19,1.04033
2016-12-20,1.03872
2016-12-21,1.04285
2016-12-22,1.04356
2016-12-23,1.04513
2016-12-26,1.04492
2016-12-27,1.0455
2016-12-28,1.0413
2016-12-29,1.04851
2016-12-30,1.05316
2017-01-02,1.04679
2017-01-03,1.04134
2017-01-04,1.04657
2017-01-05,1.0589
2017-01-06,1.05315
2017-01-09,1.05649
2017-01-10,1.05582
2017-01-11,1.0575
2017-01-12,1.06171
2017-01-13,1.06455
2017-01-16,1.05967
2017-01-17,1.0704
2017-01-18,1.06397
2017-01-19,1.06591
2017-01-20,1.06907
2017-01-23,1.07472
2017-01-24,1.07274
2017-01-25,1.07494
2017-01-26,1.06914
2017-01-27,1.06977
2017-01-30,1.0694
2017-01-31,1.07947
2017-02-01,1.07712
2017-02-02,1.0759
2017-02-03,1.07743
2017-02-06,1.07494
2017-02-07,1.06946
2017-02-08,1.06874
2017-02-09,1.0659
2017-02-10,1.06321
2017-02-13,1.05993
2017-02-14,1.05732
2017-02-15,1.0599
2017-02-16,1.06729
2017-02-17,1.06077
2017-02-20,1.06177
2017-02-21,1.05467
2017-02-22,1.05705
2017-02-23,1.0578
2017-02-24,1.05577
2017-02-27,1.05867
2017-02-28,1.05907
2017-03-01,1.05514
2017-03-02,1.05052
2017-03-03,1.06121
2017-03-06,1.05839
2017-03-07,1.05667
2017-03-08,1.05442
2017-03-09,1.05897
2017-03-10,1.06934
2017-03-13,1.0654
2017-03-14,1.0611
2017-03-15,1.06947
2017-03-16,1.07593
2017-03-17,1.07415
2017-03-20,1.07394
2017-03-21,1.08084
2017-03-22,1.0795
2017-03-23,1.07831
2017-03-24,1.08142
2017-03-27,1.08655
2017-03-28,1.08049
2017-03-29,1.07601
2017-03-30,1.06824
2017-03-31,1.06729
2017-04-03,1.06648
2017-04-04,1.06684
2017-04-05,1.06733
2017-04-06,1.06456
2017-04-07,1.0591
2017-04-10,1.0591
2017-04-11,1.06063
2017-04-12,1.06415
2017-04-13,1.06147
2017-04-14,1.0623
2017-04-17,1.06395
2017-04-18,1.07351
2017-04-19,1.07159
2017-04-20,1.07232
2017-04-21,1.06968
2017-04-24,1.08574
2017-04-25,1.0929
2017-04-26,1.08969
2017-04-27,1.0883
2017-04-28,1.08988
2017-05-01,1.09013
2017-05-02,1.09238
2017-05-03,1.08895
2017-05-04,1.09836
2017-05-05,1.09938
2017-05-08,1.09318
2017-05-09,1.08703
2017-05-10,1.08662
2017-05-11,1.0862
2017-05-12,1.09234
2017-05-15,1.09791
2017-05-16,1.10904
2017-05-17,1.11459
2017-05-18,1.10997
2017-05-19,1.12033
2017-05-22,1.12334
2017-05-23,1.1188
2017-05-24,1.12107
2017-05-25,1.12131
2017-05-26,1.1175
2017-05-29,1.11799
2017-05-30,1.11921
2017-05-31,1.12407
2017-06-01,1.12142
2017-06-02,1.12751
2017-06-05,1.12544
2017-06-06,1.12745
2017-06-07,1.12555
2017-06-08,1.12117
2017-06-09,1.11945
2017-06-12,1.1206
2017-06-13,1.1207
2017-06-14,1.11961
2017-06-15,1.11507
2017-06-16,1.11964
2017-06-19,1.11471
2017-06-20,1.11272
2017-06-21,1.1165
2017-06-22,1.11528
2017-06-23,1.11983
2017-06-26,1.11793
2017-06-27,1.13478
2017-06-28,1.13785
2017-06-29,1.1436
2017-06-30,1.1418
2017-07-03,1.13621
2017-07-04,1.13492
2017-07-05,1.1339
2017-07-06,1.14197
2017-07-07,1.14062
2017-07-10,1.14012
2017-07-11,1.14688
2017-07-12,1.14201
2017-07-13,1.1404
2017-07-14,1.1466
2017-07-17,1.14774
2017-07-18,1.15582
2017-07-19,1.15164
2017-07-20,1.16271
2017-07-21,1.16748
2017-07-24,1.16437
2017-07-25,1.1652
2017-07-26,1.1727
2017-07-27,1.16781
2017-07-28,1.17561
2017-07-31,1.1829
2017-08-01,1.18
2017-08-02,1.1859
2017-08-03,1.1865
2017-08-04,1.1771
2017-08-07,1.179
2017-08-08,1.1754
2017-08-09,1.1757
2017-08-10,1.1772
2017-08-11,1.1825
2017-08-14,1.1783
2017-08-15,1.1736
2017-08-16,1.1764
2017-08-17,1.1731
2017-08-18,1.1764
2017-08-21,1.1813
2017-08-22,1.1752
2017-08-23,1.1813
2017-08-24,1.1801
2017-08-25,1.1922
2017-08-28,1.1982
2017-08-29,1.1975
2017-08-30,1.189
2017-08-31,1.1901
2017-09-01,1.1865
2017-09-04,1.1907
2017-09-05,1.1916
2017-09-06,1.1911
2017-09-07,1.2003
2017-09-08,1.2036
2017-09-11,1.1963
2017-09-12,1.1964
2017-09-13,1.188
2017-09-14,1.1907
2017-09-15,1.1939
2017-09-18,1.1952
2017-09-19,1.1999
2017-09-20,1.1876
2017-09-21,1.1932
2017-09-22,1.1965
2017-09-25,1.1844
2017-09-26,1.1798
2017-09-27,1.1752
2017-09-28,1.1783
2017-09-29,1.1817
2017-10-02,1.1739
2017-10-03,1.1747
2017-10-04,1.1762
2017-10-05,1.1704
2017-10-06,1.173
2017-10-09,1.1752
2017-10-10,1.1815
2017-10-11,1.1863
2017-10-12,1.1836
2017-10-13,1.182
2017-10-16,1.1786
2017-10-17,1.1769
2017-10-18,1.1799
2017-10-19,1.1827
2017-10-20,1.1777
2017-10-23,1.1739
2017-10-24,1.177
2017-10-25,1.1809
2017-10-26,1.1651
2017-10-27,1.1602
2017-10-30,1.1641
2017-10-31,1.1652
2017-11-01,1.1624
2017-11-02,1.1659
2017-11-03,1.1602
2017-11-06,1.1606
2017-11-07,1.1586
2017-11-08,1.1594
2017-11-09,1.1645
2017-11-10,1.1666
2017-11-13,1.1667
2017-11-14,1.1795
2017-11-15,1.1791
2017-11-16,1.1775
2017-11-17,1.1801
2017-11-20,1.1735
2017-11-21,1.174
2017-11-22,1.1817
2017-11-23,1.1847
2017-11-24,1.1928
2017-11-27,1.1898
2017-11-28,1.1836
2017-11-29,1.1858
2017-11-30,1.1903
